1,protocolDown
2,connectionDown
3,prefixLimitNearing
4,prefixLimitExceeded
5,equipmentOverheated
6,replaceableEquipmentRemoved
7,equipmentTypeMismatch
8,inoperableEquipment
9,equipmentInTest
10,portLinkProblem
11,failedToModifyNetworkResource
12,thresholdCrossed
17,lagDown
19,lspDown
20,lspPathDown
21,pathReoptimized
22,pathRerouted
23,tunnelDown
24,resyncFailed
25,nodeReboot
26,trapDestinationMisconfigured
27,duplicateTrapLogId
30,persistentIndexFailure
31,configFileBootFailure
32,interfaceDown
33,frameSizeProblem
34,areaTypeMisconfigured
35,badVersion
36,areaMismatch
37,unknownNbmaNbr
38,unknownVirtualNbr
39,netMaskMismatch
40,helloIntervalMismatch
41,deadIntervalMismatch
42,optionMismatch
43,mtuMismatch
44,noError
45,authTypeMismatch
46,authFailure
47,hello
48,dbDescript
49,lsReq
50,lsUpdate
51,lsAck
52,nullPacket
53,resourceFull
54,multipleDefaultInstancesEncountered
55,unsupportedSecLevel
56,notInTimeWindow
57,unknownUserName
58,unknownEngineID
59,wrongDigest
60,decryptionError
61,invalidSourcePortIdentifier
62,noMediationPolicyFound
63,pathAlarmIndicationSignal
64,pathLossOfPointer
65,pathRemoteDefectIndication
66,pathB3Error
67,pathPayloadMismatch
68,pathRemoteB3Error
69,lossOfClock
70,lineAlarmIndicationSignal
71,lineRemoteDefectIndication
72,sectionS1Failure
73,sectionB1Error
74,berLineSignalDegradation
75,berLineSignalFailure
76,sectionLossOfFrame
77,sectionLossOfSignal
78,txSectionSynchronizationError
79,rxSectionSynchronizationError
80,lineErrorCondition
81,topologyMisconfigured
82,serviceSiteTypeMisconfigured
83,siteDown
84,labelProblem
86,keepAliveFailed
87,bootEnvironmentSyncFailed
88,configFileSyncFailed
89,fileTransferFailure
90,fileAccessError
91,softwareBootProblem
92,softwareBootProblemDueToHardwareIssues
93,softwareDownloading
94,softwareInitializing
95,softwareInitialized
96,alarmIndicationSignal
97,lossOfFrame
98,resourceAvailabilityIndicator
99,lossOfSignal
100,outOfFrame
101,undefinedSchedulerReference
102,farEndLoopback
103,NeighborDown
104,VirtualLinkDown
105,VirtualNeighborDown
106,licensedLimitExceeded
108,trapSchemaMismatch
109,databaseBackupFailure
111,managementConnectionDown
112,OspfInterfaceDown
113,routeDistinguisherNotConfigured
114,pathUnequippedPathError
115,diskCapacityProblem
116,fanFailure
117,powerSupplyFailure
118,bootLoaderVersionMismatch
119,bootRomVersionMismatch
120,fpgaVersionMismatch
121,primaryCpmFailure
122,dataLoss
123,cardFailure
124,loadFailed
128,bundleDown
129,InvalidVersionofQueryMessageReceived
130,InvalidCompatibilityModeofQueryReceieved
131,resourceLimitReached
132,licensedLimitNearing
133,licensedLimitNearlyExceeded
134,invalidOrCorruptImageFile
135,nodeColdStart
136,persistentIndexConfigurationMismatch
137,upgradedImageNotBooted
138,snmpDaemonError
139,DowngradedNodeVersion
140,upgradedNodeVersion
141,snmpDaemonOverloaded
142,outOfMemory
144,systemFailed
145,InvalidJoinPruneReceived
146,InvalidJoinRegisterReceived
147,STARGGroupInSSMRange
148,NeighborConnectionLost
149,templatePolicyMismatch
150,bootOptionFileMisconfigured
151,referencedObjectGone
152,referencedObjectInvalid
153,diskSpaceIssue
154,archivedLogsIssue
155,databasePrimaryDown
156,twoPrimaryDatabase
157,switchOverDatabase
158,switchOverDatabaseFailed
159,databaseArchivedLogNotApplied
160,MaxNumMcastRoutesReached
161,MidLevelThresholdReached
162,mirrorDestinationMisconfigured
163,CcagDown
164,MvrConfiguredFromVplsNotExist
165,MvrConfiguredProxySapNotExist
166,SdpBindingNotReady
167,SdpTunnelNotReady
168,duplicateRouterId
169,firmwareUpgraded
170,interfaceMismatch
171,mirrorEncapsulationTypeInconsistent
172,missSpokeConfiguration
173,tooManyTrapsBuffered
174,systemNameChange
176,ReachabilityTestFailed
177,duplicateVrfPolicyExists
178,duplicateVrfTargetExists
179,exportPolicyDoesNotExist
180,importPolicyDoesNotExist
181,physicalLinkPortsMisconfigured
182,tooManyAlarms
183,tooManyItemsToPoll
184,DatabaseRedundancyFailure
185,pathLossOfCodegroupDelineationError
187,ifTypeMismatch
188,nullRouterId
189,sapEncapsulationTypeIncompatible
190,ceAddressIncompatible
191,reinstantiateStandbyDatabase
192,reinstantiateStandbyDatabaseFailed
193,primaryDatabaseWasDown
194,upgradedCard
195,downgradedCard
196,timedLicenseExpiryNotice
197,LspPathReroutedToBypassTunnel
199,mismatchPeerSets
200,missingStaticRPConfigurations
201,invalidRPLoopbackIfConfig
202,mismatchAnyCastRPTypes
203,SubscrAuthPolicyNotFound
204,networkDegradation
205,backupDown
206,backupInUse
207,primaryBackupDown
208,hostDown
209,trapDropped
210,virtualRouterDown
211,mismatchVrrpTypes
212,mismatchBackupAddress
213,mismatchSubnets
214,nonMatchingBackupAddressList
215,multipleOwnersConfigured
216,instanceDown
217,ssh2ServerKeyMismatch
218,partialConstraintEnforcement
219,unsupportedNode
220,tooManyTestsDeployedOnNode
221,traceError
222,Protected_Mac_Address_Not_Global
224,returnSdpBindingTypeMismatch
225,incompleteConfig
226,asymmetricalConfig
227,DatabaseRedundancyRealTimeApplyFailure
228,StpException
229,cliLoginFailed
230,cliConnectionProblem
231,unableToDeleteNode
232,IsisInterfaceDown
233,DatabaseRedundancyOutOfSync
234,SignalFailure
235,RemoteFault
236,LocalFault
237,NoFrameLock
238,HighBer
239,unstableLinksOnRouter
240,largeIgpNetwork
241,unstableIGPNetwork
242,assignmentFailure
243,LearnedDynamicMacAlreadyLearned
244,AdminLocFailure
245,BackupLocFailure
246,igmpGroupOnSapDropped
247,licenseMismatch
252,MissingHopConfiguration
253,LastHopNotMatchingDestination
254,LabelActionIsNotPopOnLastHop
256,noAuxiliaryServersAvailable
257,ftpClientFailure
258,DataMtReused
259,PppLoopbackDetected
260,radiusAccountingRequestFailure
261,ruleContentsError
262,ruleErrorOrRuleEngineError
263,unableToCreateTunnelElement
264,tunnelElementInUse
265,igmpGroupOnSdpBindDropped
266,pimGroupOnSapDropped
271,manyExternalLSAsFloodingIntoIGP
272,isisSystemNotAdvertisingTeRouterId
273,routerAdvertisingManyLSAs
274,configConflictOrResourceFull
275,MsdpRPFFailure
276,largeIGPNetwork
277,MsdpGroupActiveSourcesLimitExceeded
278,MsdpPeerActiveSourcesLimitExceeded
279,MsdpActiveSourcesLimitExceeded
280,MsdpSourceActiveSourcesLimitExceeded
281,persistOff
282,noSystemAddress
283,cpamLicensedLimitNearing
284,cpamLicensedLimitNearlyExceeded
285,cpamLicensedLimitExceeded
287,tooManyCpaaPerOspfArea
288,tooManyCpaaForIsisLevel2
290,sapDHCPLeaseEntriesExceeded
291,UnableProxyDHCPRequest
292,igmpSnpgGrpMaxNbrGrpsReached
293,timedcpamLicenseExpiryNotice
294,ProtectedSourceMacLearned
295,mcLagDown
297,maximumExceededMessages
298,managedRouteCouldNotBeSetup
299,ipPathCouldNotBeDetermined
300,cliCommandFailure
301,DaughterCardConfigNotCompatible
302,preserveKeyFailure
303,sonetSDHLoopback
304,ds3e3Loopback
305,ds1e1Loopback
306,snmpDown
307,trapRateGreaterThanConfigured
308,ipAddressListMismatch
309,instanceIdMismatch
310,remoteSapMismatch
311,remoteSyncTagMismatch
312,redundantIfNotProperlyPaired
313,dualMaster
314,keyChainAuthFailure
315,linkDown
318,ForceSwitchover
319,strayPackets
320,malformedPackets
321,lossOfPacket
322,bufferOverrun
323,farEndLossOfPacket
324,tdmFarEndFault
325,farEndRdi
326,equipmentAdministrativelyDown
327,containingEquipmentMissing
328,containingEquipmentMismatch
329,containingEquipmentDown
330,containingEquipmentAdministrativelyDown
331,spanningTreeTopologyChanged
332,customerDeviceMisconfigured
333,tunnelAdministrativelyDown
334,CpeUnreachable
336,multipleSecurityViolations
337,tooManyCheckpoints
338,configuredASNotMatchBgpASAdminDomain
344,timeMismatch
345,bfdSessionMissing
346,bfdSessionDown
347,CommunityMisconfiguration
348,macAddressPinned
349,HighStatisticsCollectionRate
350,pimSnpgSGGroupMaxSupportedLimitExceeded
351,dryContactExternalAlarmRaised
352,noAvailableSlotNumbers
353,backgroundDiagnosticFault
354,duplicateSlotNINumber
355,stackNotInLoop
356,twoElementsWithSameRole
357,elementNotCompatibleWithExistingStack
358,temperatureLowWarning
359,temperatureLowAlarm
360,temperatureHighWarning
361,temperatureHighAlarm
362,supplyVoltageLowWarning
363,supplyVoltageLowAlarm
364,supplyVoltageHighWarning
365,supplyVoltageHighAlarm
366,txBiasCurrentLowWarning
367,txBiasCurrentLowAlarm
368,txBiasCurrentHighWarning
369,txBiasCurrentHighAlarm
370,txOutputPowerLowWarning
371,txOutputPowerLowAlarm
372,txOutputPowerHighWarning
373,txOutputPowerHighAlarm
374,rxOpticalPowerLowWarning
375,rxOpticalPowerLowAlarm
376,rxOpticalPowerHighWarning
377,rxOpticalPowerHighAlarm
378,aux1LowWarning
379,aux1LowAlarm
380,aux1HighWarning
381,aux1HighAlarm
382,aux2LowWarning
383,aux2LowAlarm
384,aux2HighWarning
385,aux2HighAlarm
386,signalDegradation
387,signalFailure
388,missingRemoteMep
389,MaxNumIpv6RouteReached
390,MidLevelIPv6RoutesReached
391,actualFreeAddrBelowSubnetMin
392,portUpAfterLearningWindowExpired
393,learnedPortSecurityViolation
394,portLearnedBridgedMAC
395,ringDown
396,localRncvDisconnected
397,remoteRncvDisconnected
398,collectionRateGreaterThanConfigured
399,multiAuxiliaryServersAvailable
400,scheduledTaskCompleted
401,jmsServerRestart
402,certifyFailureAlarm
403,synchroFailureAlarm
404,restoreFailureAlarm
405,versionMismatch
406,mldSnpgGrpMaxNbrGrpsReached
407,locallyDeletedEntryInMCSyncDatabase
408,tooManyBgpRouteForNextHop
409,unstableBgpSpeaker
410,unstablePrefix
411,tooManyBgpRouteForGivenRouteTarget
412,tooLittleBgpRouteForGivenRouteTarget
413,unstableVpnSite
414,accountingPolicyDown
415,PowerSupplyRemoved
416,bootConfigFailScriptNotAccesible
417,bootConfigOKScriptNotAccesible
418,timingReferenceNotQualified
419,allTimingReferencesNotQualified
420,tMirrorDestinationEnabled
421,tMirrorDestinationChangeReject
422,tMirrorSourceIPFltrChangeReject
423,tMirrorSourceMacFltrChangeReject
424,tMirrorFilterAssignToSapWarn
425,tMirrorFilterAssignToSdpWarn
426,tMirrorFilterAssignToItfWarn
427,tMirrorSourceFilterAssignReject
428,tMirrorSourceFilterOverruled
429,tMirrorSourceFilterAssignWarn
430,tMirrorSourceSapChange
431,tMirrorSourceSubChange
432,tMirrorSourceEnabled
433,tMirrorSourceDisabled
434,isaAaGrpFailure
435,isaAaGrpNonRedundant
436,isaAaGrpFlowFull
437,isaAaGrpSwitchover
438,FanTrayRemoved
439,bgpAdVplsIdInconsistent
440,includeBothBAndISite
441,siteSyncFailure
442,tunnelOverbooked
443,xplError
444,EpipeBackboneMacAddressMismatch
445,BVplsSourceMacAddressDuplicate
446,isidInconsistent
447,pChipError
448,cpamRouterLimitExceedDueToMultiAdditions
449,ipPathsDiverge
450,singleFanFailure
451,memoryParityError
452,incorrectNeighborConfig
453,DeployProfileFailed
454,DatabaseRedundancyArchiveGap
455,databaseRealignment
456,databaseRealignmentFailed
457,batteryFail
458,CardCPUUtilizationCrossedAboveThreshold
459,CardMemoryUtilizationCrossedAboveThreshold
460,CardRxUtilizationCrossedAboveThreshold
461,CardRxTxUtilizationCrossedAboveThreshold
462,degrade
463,dyingGaspSignal
464,fibUpdateFailed
465,firmwareDownloadOnGoing
466,internalCommunicationProblem
467,lanFailure
468,lossOfAlignment
469,pppFail
470,provisioningMismatch
471,cardMissing
472,cardFail
473,equipmentMismatch
474,ShelfCPUUtilizationCrossedAboveThreshold
475,ShelfMemoryUtilizationCrossedAboveThreshold
476,ShelfRxUtilizationCrossedAboveThreshold
477,ShelfRxTxUtilizationCrossedAboveThreshold
478,ShelfTemperatureUtilizationCrossedAboveThreshold
479,TCA
480,unavailableTime
481,unconfiguredEquipmentPresent
482,IsaAaGrpDown
483,lagMemberMisconfigured
484,lagModeMisconfigured
485,lagPortJoin
486,lagPortLeave
487,lagPortRemove
488,endPointUsedByNumerousLinks
489,duplicatePhysicalLinkConfigured
490,patchLevelMismatch
492,ShamLinkDown
493,cableLOS
494,crossConnectionFail
495,demFail
496,earlyWarning
497,highBER
498,incompatibleFrequency
499,incompatiblePTX
500,incompatibleShifter
501,linkIdentifierMismatch
502,rxFail
503,resiliencySapDeleted
504,secondaryServiceSiteActive
505,secondaryServiceSiteDeleted
506,noAccountingPolicy
507,cpamLicenseMisMatch
508,clientDelegateServerMaxUIExceeded
509,hostnameMismatch
510,routingConfiguration
511,timingHoldover
512,igmpSnpgGrpMaxNbrSrcsReached
513,ais
514,noUpdatesDueToPacingInProgress
515,creationFailure
516,radiusAuthFailed
517,advertisementNotActivated
519,EpcDown
520,crossconnectDown
521,inSufficientBandwidth
522,portsSeggregated
523,radioLinkDown
524,vlanPathInstanceDown
525,databaseBackupFileRsyncFailed
526,HighNumberOfRecords
527,primaryDatabaseDown
528,FIBHighOccupancy
529,migrationComplete
530,migrationFailure
531,AlarmIndicationSignal
532,BackwardDefectIndication
533,BitErrorRateSignalDegradation
534,BitErrorRateSignalFail
535,FECRxTxModeMismatch
536,FECSignalDegradation
537,FECSignalFailure
538,LossOfClock
539,LossOfFraming
540,LossOfMultiFrame
541,LossOfSignal
542,ODUAlarmIndicationSignal
543,ODULocked
544,ODUOpenConnectionIndication
545,PMBackwardDefectIndication
546,UncorrectableFECErrors
547,ethernetTunnelDown
548,configurationMismatch
549,incompleteProtectionSwitching
550,IsaVideoGrpDown
551,McLagSourceBMacLsbMisconfigured
552,S2LPathReroutedToBypassTunnel
553,S2LPathDown
554,IncorrectPeerConfig
555,IncorrectPeerSynchronizationPortConfig
556,IncorrectPeerSynchronizationPortEncapRangeConfig
557,IncompleteConfig
558,User_Defined
559,wrongCpaaSoftwareVersion
560,testIdRangeMismatch
561,testsOutsideRange
562,asPathTooLong
563,lowNumberofNHops
564,trapRateTooHigh
565,trailSignalFailure
566,temporaryCommunicationProblem
567,ethernetPortConfiguredLoopback
568,ecIdRxTxOrMacModified
569,lossOfCellDelineation
570,lossOfIMAFrame
571,lossOfDelaySynchronization
572,remoteDefectIndication
573,serialChannelLoopback
574,remoteAlarmIndication
575,holdTimeInconsistent
576,forceQTagForwardingInconsistent
577,camError
578,BackwardIncomingAlignmentError
579,IncomingAlignmentError
580,OPUPSIPayloadTypeMismatch
581,OPUPSITraceMismatch
582,PMTraceIDMismatch
583,TraceIdMismatch
584,EncoderDegrade
585,EncoderFailure
586,PowerControlDegrade
587,PowerControlFailure
588,PowerControlHighlimit
589,PowerControllowlimit
590,IGHProtocolMismatch
591,CompositeServiceMisconfiguration
592,gatewayDown
593,bfdSessionConnectionBroken
594,bfdSessionConnectionPeerDetectsDown
595,IsaAaGrpCapCostThres
596,IsaAaSubUnassigned
597,MgGroupDown
598,exportLimitDropped
599,exportLimitReached
600,exportLimitWarning
601,signleSfmOverloadDetected
602,EPSPeerDown
603,DscServiceDown
604,EPSPathDrillDownFailed
605,EPSPathReferencedObjectDeleted
607,mmeUnspecifiedReason
608,callSetupFailure
609,degradedSignal
610,farEndReceiverFailure
611,framingError
612,lossOfPointer
613,payloadTypeMismatch
614,transmissionError
615,remoteAlarmInterface
616,excessiveBitErrorRate
617,pathTraceMismatch
618,unavailable
619,signalLabelMismatch
620,lossOfMutilFrame
621,communicationsReceiveFailure
622,communicationsTransmitFailure
623,modulationFailure
624,demodulationFailure
625,backPlaneFailure
626,dataSetProblem
627,equipmentIdentifierDuplication
628,externalIfDeviceProblem
629,lineCardProblem
630,multiplexerProblem
631,neIdentifierDuplication
633,processorProblem
634,protectionPathFailure
635,receiverFailure
636,replaceableUnitMissing
637,replaceableUnitTypeMismatch
638,synchronizationSourceMismatch
639,terminalProblem
641,transmitterFailure
642,trunkCardProblem
643,replaceableUnitProblem
644,realTimeClockFailure
645,airCompressorFailure
646,airConditioningFailure
647,airDryerFailure
648,batteryDischarging
649,batteryFailure
650,commercialPowerFailure
651,coolingFanFailure
652,engineFailure
653,fireDetectorFailure
654,fuseFailure
655,generatorFailure
656,lowBatteryThreshold
657,pumpFailure
658,rectifierFailure
659,rectifierHighVoltage
660,rectifierLowFVoltage
661,ventilationSystemFailure
663,explosiveGas
664,fire
665,flood
666,highHumidity
667,highTemperature
668,highWind
669,iceBuildUp
670,intrusionDetection
671,lowFuel
672,lowHumidity
673,lowCablePressure
674,lowTemperature
675,lowWater
676,smoke
677,toxicGas
678,externalPointFailure
679,storageCapacityProblem
680,memoryMismatch
682,outOfCPUCycles
683,softwareEnvironmentProblem
684,softwareDownloadFailure
685,lossOfRealTime
686,reinitialized
687,excessiveErrorRate
688,adapterError
689,applicationSubsystemFailure
690,bandwidthReduction
691,communicationProtocolError
692,communicationSubsystemFailure
693,configurationOrCustomizingError
694,congestion
696,dataSetOrModemError
697,dteDceInterfaceError
698,equipmentMalfunction
699,excessiveVibration
700,fileError
701,heatingOrVentilationOrCoolingSystemProblem
702,humidityUnacceptable
703,inputOutputDeviceError
704,inputDeviceError
705,lanError
706,leakDetection
707,localNodeTransmissionError
708,materialSupplyExhausted
709,outputDeviceError
710,performanceDegraded
711,pressureUnacceptable
712,queueSizeExceeded
713,receiveFailure
714,remoteNodeTransmissionError
715,resourceAtOrNearingCapacity
716,responseTimeExcessive
717,retransmissionRateExcessive
718,softwareError
719,softwareProgramAbnormallyTerminated
720,softwareProgramError
721,temperatureUnacceptable
722,toxicLeakDetected
723,transmitFailure
724,underlyingResourceUnavailable
725,ABISTOBTSInterfaceFailure
726,ABISTOTRXInterfaceFailure
727,antennaProblem
728,batteryBreakdown
729,batteryChargingFault
730,clockSynchronizationProblem
731,combinerProblem
732,diskProblem
733,excessiveReceiverTemperature
734,excessiveTransmitterOutputPower
735,excessiveTransmitterTemperature
736,frequencyHoppingDegraded
737,frequencyHoppingFailure
738,frequencyRedefinitionFailed
739,lineInterfaceFailure
740,linkFailure
741,lossOfSynchronization
742,lostRedundancy
743,mainsBreakdownWithBatteryBackup
744,mainsBreakdownWithoutBatteryBackup
745,receiverAntennaFault
746,receiverMulticouplerFailure
747,reducedTransmitterOutputPower
748,signalQualityEvaluationFault
749,timeslotHardwareFailure
750,transceiverProblem
751,transcoderProblem
752,transcoderOrRateAdapterProblem
753,transmitterAntennaFailure
754,transmitterAntennaNotAdjusted
755,transmitterLowVoltageOrCurrent
756,transmitterOffFrequency
757,databaseInconsistency
758,fileSystemCallUnsuccessful
759,inputParameterOutOfRange
760,invalidParameter
761,invalidPointer
762,messageNotExpected
763,messageNotInitialized
764,messageOutOfSequence
765,systemCallUnsuccessful
766,timeoutExpired
767,variableOutOfRange
768,watchDogTimerExpired
769,coolingSystemFailure
770,externalEquipmentFailure
771,externalPowerSupplyFailure
772,externalTransmissionDeviceFailure
773,reducedAlarmReporting
774,reducedEventReporting
775,reducedLoggingCapability
776,systemResourcesOverloaded
777,broadcastChannelFailure
778,callEstablishmentError
779,invalidMessageReceived
780,invalidMSUReceived
781,lapdLinkProtocolFailure
782,localAlarmIndication
783,routingFailure
784,ss7ProtocolFailure
785,transmissionFailure
786,authenticationFailure
787,breachOfConfidentiality
788,cableTamper
789,delayedInformation
790,denialOfService
791,duplicateInformation
792,informationMissing
793,informationModificationDetected
794,informationOutOfsequence
795,keyExpired
796,nonRepudiationFailure
797,outOfHoursActivity
798,outOfService
799,proceduralError
800,unauthorizedAccessAttempt
801,unexpectedInformation
802,unspecifiedReason
803,UnspecifiedReason
804,mbbRetryExceeded
805,lspPathGoingDown
806,startingHighPriMbb
807,restartingMbb
808,highPriMbbInProg
809,misconfiguredInflow
810,incompleteEPPeerConfig
811,MCPeerEPDown
812,managementAddressInvalid
813,inconsistenciesOnNode
814,switchToInband
815,switchToOutband
816,noIpv4Address
817,neManagementChange
818,nodeAlreadyDiscovered
819,redundantRadioLinkConfigured
820,cliConnectionFailed
821,executionFailed
822,trapsWillNotBeSent
823,trapsRedundancyMissing
824,receiverProtectionFail
825,maxRouteReached
826,hashLabelMismatch
827,prefixUnreachable
828,MaxNumExportRoutesReached
829,InvalidbBackupConfigration
830,excessiveEnvironmentTemp
831,IsaLnsGrpDown
832,AGWGTPPMIPPeerDown
833,resignalTimerExpired
834,ifAdminDown
835,ifPassive
836,LicenseKeyIsInvalid
837,tooManyCheckpointObjects
838,equipmentOvercooled
839,bufferOverFlow
841,DscPlatformLicenseKeyExpired
842,DscPlatformLicenseKeyExpiring
843,DscPlatformLicenseKeyHighWaterMarkCrossed
844,DscPlatformLicenseKeyLowWaterMarkCrossed
845,DscPlatformLicenseKeyThresholdReached
846,PhysicalLinkDown
847,invalidBOF
848,atpcLoopProblem
849,bandwidthOverFlow
850,incompatibleModulation
851,loopProblem
852,VLanUplinkDown
853,VLanUplinkNotCreated
854,voiceChannelLoopback
855,UtilizationExceedConfiguredLimit
856,FilterEntryDropped
857,activationSessionOpen
860,aisRx
861,aisTx
862,auxliaryAlarmTriggered
864,CardUnseated
865,clockFailure
866,dialogFailure
867,houseKeeping
868,incompatibleCapacity
869,incompatibleChannelSpacing
870,lossOfCESoEthFrames
871,lossOfProtection
872,modFail
873,modLOS
874,remoteNEFailure
875,standbyVersionMismatch
876,txFail
877,underlyingResourceDegrade
878,underlyingResourceUnavailableService
881,AmplifierModuleCaseTemperatureHigh
882,AmplifierModuleCaseTemperatureLow
883,AmplifierPumpTemperature
884,TdcmModuleTemperatureHigh
885,TdcmModuleTemperatureLow
886,AmplifierLossOfInputOpticalPower
887,AmplifierLossOfOutputPower
888,AmplifierModuleCommunicationFailure
889,AmplifierPumpcurrent
890,TdcmEEPROMinvalid
891,TdcmModuleCommunicationFailure
892,TdcmNotReady
893,TdcmThermalControlTemperatureLimit
894,TdcmThermalControlUnlocked
895,dualEndedLossNotSupported
896,dualEndedLossThresholdExceeded
897,HighLevelRoutesReached
898,MaxNumRoutesReached
899,MidLevelRoutesReached
900,enclosureDoorOpen
901,communicationsProtocolError
902,configurationOrCustomizationError
903,timingProblem
904,bsCommunicationOffline
906,callTraceManuallyActivated
907,callTraceConfigurationError
908,eventBasedTraceEnabled
909,debugTraceActive
910,corruptData
911,powerProblem
915,communicationsSubsystemFailure
917,LspPathsDiverge
918,ipPathDown
919,IpPathSegmentNotMulticastEnabled
920,tmnLOS
921,corruptedPacket
922,unidentifiedNode
923,systemModeChange
924,licenseViolation
925,licensedLimitReached
926,tooManyUdpPacketsBuffered
927,lowMemoryConfigured
928,rsyncDirectoryMismatch
929,rsyncFilesIssue
930,tooManyCpaaPeIsisArea
931,mismatchOfManagementIpAddress
932,noNESelfConfigPolicyFound
933,noPreProvisionedNodeFound
934,mismatchOfNetworkElementChassisType
935,mismatchOfNetworkElementType
936,mismatchOfNetworkElementVersion
937,failedReconfig
938,BITSReferenceLossOfSignal
939,BITSReferenceOutOfFrequency
940,BITSReferenceOutOfPollInRange
941,ReferenceOneLossOfSignal
942,ReferenceOneOutOfFrequency
943,ReferenceOneOutOfPollInRange
944,ReferenceTwoLossOfSignal
945,ReferenceTwoOutOfFrequency
946,ReferenceTwoOutOfPollInRange
947,detectedPreProvisionedCantidateNodeHasConfig
948,nodeDatabaseCorrupted
949,UnableToAcquireLock
954,AllChanMiss
955,Ovrld
956,AmpDisabled
958,LoGain
961,OprUnachieve
962,WkSwBk
965,B1Sd
966,Pwr
968,SyncClkFail
971,EqptDgr
973,CardInit
974,ReplUnitMiss
975,CardNotAllowed
976,DataFlt
977,CardSanity
978,Unknown
980,SyncSys
981,SwEqpt
982,LosDcm
983,DataErr
984,LpbkTerm
985,OchTrailDup
986,OchKeyDup
990,FecFail
992,LinkDown
994,ExcessLoad
995,FanSpeedMan
1000,FELANLOS
1002,FePrLf
1005,FwPendingObsolete
1006,FwUpgradePending
1007,FwVersionNotDefault
1017,LOF
1018,LOS
1020,ContCom
1022,InvalidThreshold
1023,LaserEOL
1024,LpbkLine
1025,LanLfi
1026,LostClock
1027,OprLossLow
1029,SyncSysOos
1030,Sync
1034,Mismatch
1038,OCI
1040,LOM
1042,OaPumpBiasCurrHigh
1043,OaPumpTempHigh
1044,OprLossHigh
1047,IntTempOpt
1052,LsrOutDgr
1053,PwrAdjFail
1054,PwrAdjReq
1057,PwrSusp
1060,RcvrOptProg
1062,PwrMaxGain
1063,RAMANSUP
1064,LfiEgr
1065,LanRfi
1068,SfpTempOOR
1069,SfpTrmtPwrOOR
1071,Deg
1072,SfMismatch
1073,Lof
1074,Tim
1077,Los
1079,Sf
1080,SfpReceiverPwrOOR
1082,LaserOffLpbk
1083,PrcdrErr
1084,OchUnknown
1085,SyncClk
1095,IntTempHigh
1096,IntTempLow
1097,unknown
1099,DbFt
1100,DbFl
1103,DbInvalid
1106,SyncOos
1109,SwUpgCommit
1110,SwUpgFail
1111,SwftDwn
1113,ageingLicense
1114,insufficientPurchasedLicenses
1115,atLeastOneLicenseInViolation
1116,licenseMappingFileNotAlignedWithImportedFile
1117,licenseExpired
1118,noMoreTokens
1119,pppoeSessionFailed
1120,wrongValue
1121,nodeDatabaseFallback
1122,nodeDatabaseMisalignment
1123,peerPWStatusBitsChanged
1124,AaPolicerResourcesExceeded
1125,globalAppProfileMissing
1126,flowRouteInvalid
1127,unsupportdComAction
1128,md5AuthFailure
1129,LeaseTimerInconsistent
1130,DhcpSvrMsgTooLong
1131,lossOfESMC
1132,overloadedCard
1133,sectionTraceMismatch
1134,synchronizationSignalFailure
1135,multiplerpl
1136,connectionEstablishmentError
1137,fireDetected
1138,lossOfRedundancy
1139,protectionMechanismFailure
1140,protectingResourceFailure
1141,excessiveResponseTime
1142,excessiveRetransmissionRate
1143,isaAaGrpBitRate
1144,isaAaGrpFlowSetup
1145,IsaAaGrpFmSbWaSBufOvld
1146,IsaAaGrpOvrldCutthru
1147,isaAaGrpPacketRate
1148,IsaAaGrpToSbWaSBufOvld
1149,LdpSessionDown
1151,DfPeerDown
1152,tMirrorSourceLiFilterChanged
1153,tooManyDeployerObjects
1154,nodeDataMismatch
1155,DhcpSvrMaxLeasesReached
1156,NlriProblem
1157,IpAddressOverlap
1158,TWAMPServerInactivityTimeout
1159,TWAMPServerMaxConnsExceeded
1160,TWAMPServerMaxSessExceeded
1161,TWAMPServerPrefixxMaxConnsExceeded
1162,TWAMPServerPrefixMaxSessExceeded
1163,hashLabelSignalCapabilityMismatch
1164,CorruptedBgpUpdateDetected
1165,APRINVALIDTOPO
1166,APRNODE
1167,APROSC
1168,APRSWITCH
1169,APRUNAVAIL
1170,APRUNAVAILOSC
1171,BoardEqpt
1172,E1AisEgr
1173,E1AisL
1174,E1Lof
1175,E1LofEgr
1176,E1Los
1177,E1NoCRC4M
1178,E1NoCRC4MEgr
1179,E1Rai
1180,E1RaiEgr
1181,EBERO
1182,EqptDgrOch
1183,EqptDgrOchOut
1184,EqptPort
1185,SyncEqpt
1186,ETRMISMATCHMOD
1187,ExcessLoss
1188,FDI
1189,FanSpeedHigh
1190,FanSpeedLow
1191,fecUbcSd
1192,IncompatFan
1193,InvalidEgress
1194,InvalidThresholdOms
1195,InvalidThresholdOts
1196,LaserBackFacetOptPwrTca
1197,LaserCoolingCurTca
1198,LOAM
1199,LOSOOUT
1200,LosOcm
1201,LosOms
1202,LosOts
1203,MismatchFiber
1204,LosOut
1205,MixedPFUsed
1206,Msim
1207,OSPFADJ
1208,OduAis
1209,OduAisEgress
1210,OprPwrHigh
1211,OprPwrLow
1212,OprTx
1213,OptIntDet
1214,OptIntSusp
1216,PCSGeneratorActive
1217,Trmt
1218,PwrTiltSusp
1219,PwrUnbalance
1220,PwrUnbalanceOms
1221,ReplUnitMissMOD
1222,SpLoAdjFail
1223,T_BIAES_OTU_15MIN
1224,T_BIAES_OTU_1DAY
1225,T_BBE_MS_15MIN
1226,T_BBE_MS_1DAY
1227,T_BBE_ODU_15MIN
1228,T_BBE_ODU_1DAY
1229,T_BBE_OTU_15MIN
1230,T_BBE_OTU_1DAY
1231,T_BBE_P_15MIN
1232,T_BBE_P_1DAY
1233,T_BBE_PT_15MIN
1234,T_BBE_PT_1DAY
1235,T_BBE_RS_15MIN
1236,T_BBE_RS_1DAY
1237,T_BBE_RST_15MIN
1238,T_BBE_RST_1DAY
1239,T_BERPOSTFEC_15MIN
1240,T_BERPOSTFEC_1DAY
1241,T_BERPREFEC_15MIN
1242,T_BERPREFEC_1DAY
1243,T_CV_15MIN
1244,T_CV_1DAY
1245,T_CV_PCS_15MIN
1246,T_CV_PCS_1DAY
1247,T_CV_PCST_15MIN
1248,T_CV_PCST_1DAY
1249,T_CVS_15MIN
1250,T_CVS_1DAY
1251,T_CVST_15MIN
1252,T_CVST_1DAY
1253,T_ES_15MIN
1254,T_ES_1DAY
1255,T_ES_L_15MIN
1256,T_ES_L_1DAY
1257,T_ES_MS_15MIN
1258,T_ES_MS_1DAY
1259,T_ES_ODU_15MIN
1260,T_ES_ODU_1DAY
1261,T_ES_OTU_15MIN
1262,T_ES_OTU_1DAY
1263,T_ES_P_15MIN
1264,T_ES_P_1DAY
1265,T_ES_PCS_15MIN
1266,T_ES_PCS_1DAY
1267,T_ES_PCST_15MIN
1268,T_ES_PCST_1DAY
1269,T_ES_PT_15MIN
1270,T_ES_PT_1DAY
1271,T_ES_RS_15MIN
1272,T_ES_RS_1DAY
1273,T_ES_RST_15MIN
1274,T_ES_RST_1DAY
1275,T_ESS_15MIN
1276,T_ESS_1DAY
1277,T_ESST_15MIN
1278,T_ESST_1DAY
1279,T_ETHPKTER_15MIN
1280,T_ETHPKTER_1DAY
1281,T_ETHPKTERT_15MIN
1282,T_ETHPKTERT_1DAY
1283,T_FEBBE_MS_15MIN
1284,T_FEBBE_MS_1DAY
1285,T_FEBBE_ODU_15MIN
1286,T_FEBBE_ODU_1DAY
1287,T_FEBBE_OTU_15MIN
1288,T_FEBBE_OTU_1DAY
1289,T_FEES_MS_15MIN
1290,T_FEES_MS_1DAY
1291,T_FEES_ODU_15MIN
1292,T_FEES_ODU_1DAY
1293,T_FEES_OTU_15MIN
1294,T_FEES_OTU_1DAY
1295,T_FESES_MS_15MIN
1296,T_FESES_MS_1DAY
1297,T_FESES_ODU_15MIN
1298,T_FESES_ODU_1DAY
1299,T_FESES_OTU_15MIN
1300,T_FESES_OTU_1DAY
1301,T_FEUAS_MS_15MIN
1302,T_FEUAS_MS_1DAY
1303,T_FEUAS_ODU_15MIN
1304,T_FEUAS_ODU_1DAY
1305,T_FEUAS_OTU_15MIN
1306,T_FEUAS_OTU_1DAY
1307,T_FEC_UBU_15MIN
1308,T_FEC_UBU_1DAY
1309,T_FECC_15MIN
1310,T_FECC_1DAY
1311,T_IAES_OTU_15MIN
1312,T_IAES_OTU_1DAY
1313,T_OPRH_15MIN
1314,T_OPRH_1DAY
1315,T_OPRL_15MIN
1316,T_OPRL_1DAY
1317,T_OPTH_15MIN
1318,T_OPTH_1DAY
1319,T_OPTL_15MIN
1320,T_OPTL_1DAY
1321,T_POSTFEC_15MIN
1322,T_POSTFEC_1DAY
1323,T_PREFEC_15MIN
1324,T_PREFEC_1DAY
1325,T_SEFS_15MIN
1326,T_SEFS_1DAY
1327,T_SEFS_PCS_15MIN
1328,T_SEFS_PCS_1DAY
1329,T_SEFS_PCST_15MIN
1330,T_SEFS_PCST_1DAY
1331,T_SEFSS_15MIN
1332,T_SEFSS_1DAY
1333,T_SEFSST_15MIN
1334,T_SEFSST_1DAY
1335,T_SES_15MIN
1336,T_SES_1DAY
1337,T_SES_L_15MIN
1338,T_SES_L_1DAY
1339,T_SES_MS_15MIN
1340,T_SES_MS_1DAY
1341,T_SES_ODU_15MIN
1342,T_SES_ODU_1DAY
1343,T_SES_OTU_15MIN
1344,T_SES_OTU_1DAY
1345,T_SES_P_15MIN
1346,T_SES_P_1DAY
1347,T_SES_PCS_15MIN
1348,T_SES_PCS_1DAY
1349,T_SES_PCST_15MIN
1350,T_SES_PCST_1DAY
1351,T_SES_PT_15MIN
1352,T_SES_PT_1DAY
1353,T_SES_RS_15MIN
1354,T_SES_RS_1DAY
1355,T_SES_RST_15MIN
1356,T_SES_RST_1DAY
1357,T_SESS_15MIN
1358,T_SESS_1DAY
1359,T_SESST_15MIN
1360,T_SESST_1DAY
1361,T_UAS_MS_15MIN
1362,T_UAS_MS_1DAY
1363,T_UAS_ODU_15MIN
1364,T_UAS_ODU_1DAY
1365,T_UAS_OTU_15MIN
1366,T_UAS_OTU_1DAY
1367,T_UAS_P_15MIN
1368,T_UAS_P_1DAY
1369,T_UAS_PT_15MIN
1370,T_UAS_PT_1DAY
1371,T_UAS_RS_15MIN
1372,T_UAS_RS_1DAY
1373,T_UAS_RST_15MIN
1374,T_UAS_RST_1DAY
1376,TrmtMOD
1377,UruOchLos
1378,UruOmsRx
1379,UruOtsLos
1380,UruOtsRx
1381,UruOtsTx
1382,UruOtu
1383,UruS
1384,VoltageHigh
1385,VoltageLow
1386,MtcesurvDgr
1387,DuplicateLane
1388,NoAmLock
1389,NoBlockLock
1390,Intrusion
1391,OchCrossConnectionTrailNameMisMatch
1392,PTPCardNotSupported
1393,PTPClockNoMaster
1394,PTPClockRecoveryStateChange
1395,PTPMasterChange
1396,PTPOutOfResources
1397,PTPPeerLossOfAnnounce
1398,PTPPeerLossOfSync
1399,PTPPortDSPortState
1400,PTPNotQualified
1401,PTPQualityLevelChanged
1402,PTPReferenceLossOfSignal
1403,PTPReferenceOutOfFrequency
1404,PTPReferenceOutOfPollInRange
1405,sdpEgressIfsNetDomainInConsistent
1406,mcLagFailure
1407,mcLagSwitchOver
1408,mcRedundancyLinkFailure
1409,multipleLinksDown
1410,commonLOS
1411,demXpicLos
1412,secondaryBatteryFail
1413,tPortEgrVPortHostMatchFailure
1414,ethernetPortCrcFailure
1415,ethernetPortInternalAlarm
1416,misconfiguredRedundantMep
1417,missingRedundantMep
1418,MobGwSysGrpWriteCdrToCfStop
1419,GwGtpPriSrvGrpDown
1420,EPSGroupDown
1421,MmeInternalProcessingError
1422,configurationRollBackOperationPerformed
1423,dyingGasp
1424,tmnxSubHostInconsistentAtmTdOvr
1425,maxExecutingScripts
1426,tooManyAlarmsRaisedByTCA
1427,sapAtmPppSessionFailure
1428,sapAtmPppNcpFailure
1429,MacMoveRateExceeded
1430,msPwFecMisConfig
1431,radiusOperationStatusDown
1432,jmsMessageQueueBacklog
1433,msPwFecRetryExpired
1434,actualFreeAddrBelowPoolMin
1435,InBandSignallingNotEstablishedBetweenSARAndONT
1436,InBandSignallingEstablishedBetweenSARAndONT
1437,rootDirMaxFilesReached
1438,norpltype
1439,cliLoginMaxAttempts
1440,CPMSwitchover
1441,sshLoginMaxAttempts
1442,ServiceEndpointSwitchover
1443,BGPEventDBSizeIsNotSufficient
1444,aarpDown
1445,AarpStateChanged
1446,obsoleteProtocolInFilter
1447,AsonTopo
1448,AtcaCardTemperatureLow
1449,AtcaCardTemperatureHigh
1450,AtcaCardVoltageLow
1451,AtcaCardVoltageHigh
1452,AutoSyncSw
1453,CardBoot
1454,DiskTemperatureLow
1455,DiskTemperatureHigh
1456,DiskVoltageLow
1457,DiskVoltageHigh
1458,ESCLATCHFAIL
1459,EthCSF
1460,FrngSync
1461,HpRdiP
1462,CFCAPACITYWARNING
1463,LanSf
1464,LotOut
1465,Loc
1466,Mmg
1467,PWRADJFAILADD
1468,PWRADJFAILDRP
1469,PWRADJREQADD
1470,PWRADJREQDRP
1471,PrcdrErrTopoOut
1472,PwrAdjComms
1473,SLTMSIG
1474,SyncRefFail
1475,UnMOrUnP
1476,cpuCyclesLimitExceeded
1477,IgmpMaxSrcsLimitExceeded
1478,pkiCertInvalid
1479,pkiFileReadCorrupted
1480,IPSecIsaGrpDown
1481,EPSPeerLocked
1482,floodDetected
1483,NatIsaGrpDown
1484,NtpLor
1485,configurationRescueFileDeleteOperationPerformed
1486,configurationRescueFileSaveOperationPerformed
1487,configurationRescueOperationPerformed
1488,configurationRollBackFileDeleteOperationPerformed
1489,configurationRollBackFileSyncOperationPerformed
1490,configurationRollBackSaveOperationPerformed
1491,bfdSessionFlapped
1492,l2tpLnsSePppSessionFailed
1493,HostIdUsedInsteadOfUUIDForX86
1494,SubSlaacSetupFailure
1495,sapDHCPLseStatePopulateError
1496,svcArpHostPopulateError
1497,caProfileStateDown
1498,SyncCertFailed
1499,radiusServerRequestLimitReached
1500,WlanGwIsaGrpDown
1501,portalWppHostAuthenticationFailure
1502,HldOvrSync
1503,ManSwToInt
1504,UruOmsTx
1505,systemResourcesOverload
1506,duplicateSystemAddress
1507,AutoSwTimRef
1508,FrcdSwTimRef
1509,LockoutOfTimRef
1510,ManLR
1511,ManSwTimRef
1512,SyncRefUnEq
1513,Wtr
1514,lossOfMultiFrame
1515,EPSProblem
1516,SAPChanged
1517,RPSProblem
1518,TPSProblem
1519,PathChanged
1520,ActiveAbnormalConditionState
1521,atpcTimeout
1522,incompatiblePower
1523,LocalRadioTxMuteABNProblem
1524,LoopbackActivateABNProblem
1525,RadiolinkAMABNProblem
1526,dataChannelLoopback
1527,aARadiusAcctPlcyFailure
1528,aARadiusAcctServerStateChanged
1529,actualFreeAddrDepleted
1530,DhcpClientHasStaticIpAddress
1531,CannotFindUserDatabase
1532,AlienEgrLOS
1533,CKM
1534,CSF
1535,CSFODUEGR
1536,EgressSSF
1537,FDICLT
1538,Faulty
1539,LagDeg
1540,LagLos
1541,NEModeMismatch
1542,NKM
1543,OmsSSF
1544,PPSLos
1545,PwrTiltParams
1546,SsfCltEgr
1547,SyncIfTimingHoldover
1548,SyncIfTimingRef1Alarm
1549,SyncIfTimingRef2Alarm
1550,ToDDEG
1551,ToDLOS
1552,UNL
1553,UNM
1554,UNP
1555,UNPr
1556,IgmpGrpIfSapMaxGroupsLimitExceeded
1557,IgmpGrpIfSapMaxSourcesLimitExceeded
1558,LagSubgroupMemberStateChange
1559,Dot1agStateChange
1560,EfmOamStateChange
1561,PartnerOperStateChange
1562,tMirrorSourceIP6FltrChangeReject
1563,P2MPLSPDown
1564,HouseKeeping
1565,equipmentAlarm
1566,NatPcpSrvStateDown
1567,mlpppBundleInterleavingDisabled
1568,OcsUnavail
1569,scheduledResyncFailed
1570,tmnxSubHostLcktLimitReached
1571,IpAddressManaged
1572,tmnxSubHostLcktSapLimitReached
1573,multiAdj
1574,tooManyCpaaPerOspfv3Area
1575,MaxNumV6ExportRoutesReached
1576,MgwPeerConnectionStateAlarm
1577,ESM
1578,partialResyncProblem
1579,DaughterCardConfigMissing
1580,bandwidthDegradeERP
1581,AGWGTPPMIPPeerRestart
1582,duplicatedAddressDetected
1583,InvalidSqlFormat
1584,DynSvcIdRangeConflict
1585,DynSvcSapFailure
1586,Mtcssurv
1587,HighGain
1588,APRLINE
1589,ApsCm
1590,LockoutOfPr
1591,LockoutOfPrVTS1
1592,LockoutOfPrVTS2
1593,LockoutOfPrVTS3
1594,LockoutOfPrVTS4
1595,LockoutOfPrVTS5
1596,LockoutOfPrVTS6
1597,LockoutOfPrVTS7
1598,LockoutOfPrVTS8
1599,LockoutOfPrVTS9
1600,LockoutOfPrVTS10
1601,ApsMm
1602,ApsB
1603,FrcdWkSwBk
1604,FrcdWkSwBkVTS1
1605,FrcdWkSwBkVTS2
1606,FrcdWkSwBkVTS3
1607,FrcdWkSwBkVTS4
1608,FrcdWkSwBkVTS5
1609,FrcdWkSwBkVTS6
1610,FrcdWkSwBkVTS7
1611,FrcdWkSwBkVTS8
1612,FrcdWkSwBkVTS9
1613,FrcdWkSwBkVTS10
1614,FrcdWkSwPr
1615,FrcdWkSwPrVTS1
1616,FrcdWkSwPrVTS2
1617,FrcdWkSwPrVTS3
1618,FrcdWkSwPrVTS4
1619,FrcdWkSwPrVTS6
1620,FrcdWkSwPrVTS7
1621,FrcdWkSwPrVTS8
1622,FrcdWkSwPrVTS9
1623,FrcdWkSwPrVTS10
1624,ManWkSwBk
1625,ManWkSwBkVTS1
1626,ManWkSwBkVTS2
1627,ManWkSwBkVTS3
1628,ManWkSwBkVTS4
1629,ManWkSwBkVTS5
1630,ManWkSwBkVTS6
1631,ManWkSwBkVTS7
1632,ManWkSwBkVTS8
1633,ManWkSwBkVTS9
1634,ManWkSwBkVTS10
1635,ManWkSwPr
1636,ManWkSwPrVTS1
1637,ManWkSwPrVTS2
1638,ManWkSwPrVTS3
1639,ManWkSwPrVTS4
1640,ManWkSwPrVTS5
1641,ManWkSwPrVTS6
1642,ManWkSwPrVTS7
1643,ManWkSwPrVTS8
1644,ManWkSwPrVTS9
1645,ManWkSwPrVTS10
1646,WkSwPr
1647,WkSwPrVTS1
1648,WkSwPrVTS2
1649,WkSwPrVTS3
1650,WkSwPrVTS4
1651,WkSwPrVTS5
1652,WkSwPrVTS6
1653,WkSwPrVTS7
1654,WkSwPrVTS8
1655,WkSwPrVTS9
1656,WkSwPrVTS10
1657,AuAisP
1658,AuLopP
1659,UsAls
1660,BITSAIS
1661,BITSLof
1662,BITSLos
1663,BITSMAN
1664,Bdi
1665,BdiOdu
1666,BackwardDefectIndicationEgress
1667,BdiOduOut
1668,AllChanMissOut
1669,CPUPERFORMANCE
1670,EqptDgrMon
1671,Eqpt
1672,ContEqpt
1673,CardInitBcm
1674,CardInitNonBcm
1675,OchCollision
1676,UsOchCollision
1677,OchCollisionOut
1678,Opr
1679,OprOut
1680,SwMtxMod
1681,ContEqptSplit
1682,CsfGfpOut
1683,CsfOduOut
1684,eventOverflow
1685,DegOut
1686,DwAis
1687,DwLom
1688,DegOtu
1689,EnvInput1Active
1690,EnvInput2Active
1691,EnvInput3Active
1692,EnvInput4Active
1693,EnvInput5Active
1694,EnvInput6Active
1695,EnvInput7Active
1696,EnvInput8Active
1697,Net
1698,NetCraft
1699,ETRMISMATCH
1700,FeLfi
1701,FarEndLOS
1702,FeLos
1703,FeLss
1704,FePortMismatch
1705,FeRfi
1706,FecEcSd
1707,FPGAFAIL
1708,FPGAINIT
1709,FPGATIMEOUT
1710,GfpLofOut
1711,HiBer
1712,HpPlmP
1713,HpUneqP
1714,HwRevisionNotSupported
1715,Man
1716,LofO
1717,LosO
1718,InventoryError
1719,LOFLOM
1720,LOFLOMOut
1721,LOSEDFA
1722,LanLol
1723,LckOut
1724,Lck
1725,LockedIndicationEgress
1726,Lol
1727,Lfd
1728,LofEgr
1729,Lss
1730,LssEgr
1731,UsLos
1732,ModOutOOR
1733,OTMCPF
1734,OchFdi
1735,LosP
1736,OchPdi
1737,OciOut
1738,OduAisOut
1739,Oci
1740,OpenConnectionIndicationEgress
1741,OptIntBase
1742,OprOOR
1743,MismatchSfpXfp
1744,UnknownSfpXfp
1745,OtuAis
1746,Plm
1747,PayloadTypeMismatchEgress
1748,PlmOduOut
1749,FacTermDgr
1750,FacTermDev
1751,PwrMargin
1752,PwrEdfaMargin
1753,RfiEgr
1754,AisL
1755,AisLM
1756,LosLdSig
1757,LanLos
1758,Sd
1759,OscSsf
1760,Ssf
1761,SsfOdu
1762,ServerSignalFailureEgress
1763,SfpEOL
1764,ShelfInVoltHigh
1765,ShelfInVoltLow
1766,SignalDegradeEgress
1767,RfiL
1768,SsfOduOut
1769,SsfSection
1770,SdegO
1771,SyncOos_T4
1772,SyncT4Out
1773,T_BIAES_TCM_15MIN
1774,T_BIAES_TCM_1DAY
1775,T_BBE_TCM_15MIN
1776,T_BBE_TCM_1DAY
1777,T_ES_TCM_15MIN
1778,T_ES_TCM_1DAY
1779,T_FEBBE_TCM_15MIN
1780,T_FEBBE_TCM_1DAY
1781,T_FEES_TCM_15MIN
1782,T_FEES_TCM_1DAY
1783,T_FESES_TCM_15MIN
1784,T_FESES_TCM_1DAY
1785,T_FEUAS_TCM_15MIN
1786,T_FEUAS_TCM_1DAY
1787,T_IAES_TCM_15MIN
1788,T_IAES_TCM_1DAY
1789,T_SES_TCM_15MIN
1790,T_SES_TCM_1DAY
1791,T_UAS_TCM_15MIN
1792,T_UAS_TCM_1DAY
1793,BdiTcm
1794,LckTcm
1795,LtcTcm
1796,OciTcm
1797,SsfTcm
1798,TimTcm
1799,TimOduOut
1800,TimOdu
1801,TrailTraceIdentifierMismatchEgress
1802,TsMismatch
1803,TsMismatchOut
1804,OchUnknownOut
1805,OchTrailUnknown
1806,UserEqptMismatch
1807,Upm
1808,VcgLoa
1809,VcgSsf
1810,VTSFDI1
1811,VTSFDI2
1812,VTSFDI3
1813,VTSFDI4
1814,VTSFDI5
1815,VTSFDI6
1816,VTSFDI7
1817,VTSFDI8
1818,VTSFDI9
1819,VTSFDI10
1820,VTSFDI11
1821,VTSFDI12
1822,VTSFDI13
1823,VTSFDI14
1824,VTSFDI15
1825,VTSFDI16
1826,VTSFDI17
1827,VTSFDI18
1828,VTSFDI19
1829,VTSFDI20
1830,VTSFDI21
1831,VTSFDI22
1832,VTSFDI23
1833,VTSFDI24
1834,VTSFDI25
1835,VTSFDI26
1836,VTSFDI27
1837,VTSFDI28
1838,VTSFDI29
1839,VTSFDI30
1840,VTSFDI31
1841,VTSFDI32
1842,VTSFDI
1843,VTSOCI1
1844,VTSOCI2
1845,VTSOCI3
1846,VTSOCI4
1847,VTSOCI5
1848,VTSOCI6
1849,VTSOCI7
1850,VTSOCI8
1851,VTSOCI9
1852,VTSOCI10
1853,VTSOCI11
1854,VTSOCI12
1855,VTSOCI13
1856,VTSOCI14
1857,VTSOCI15
1858,VTSOCI16
1859,VTSOCI17
1860,VTSOCI18
1861,VTSOCI19
1862,VTSOCI20
1863,VTSOCI21
1864,VTSOCI22
1865,VTSOCI23
1866,VTSOCI24
1867,VTSOCI25
1868,VTSOCI26
1869,VTSOCI27
1870,VTSOCI28
1871,VTSOCI29
1872,VTSOCI30
1873,VTSOCI31
1874,VTSOCI32
1875,VTSOCI
1876,Mod
1877,OchKeyOverlap
1878,Contr
1879,ContrOut
1880,WTOCMA_OSNROOMR
1881,ModuleFault
1882,CoherentModuleHostTxFault
1883,ReferenceLockLoss
1884,CoherentModuleRxFault
1885,CoherentModuleTxFault
1886,EFMOAMOperationalstateOutofService
1887,MissingPluggableVOA
1888,Rdi
1889,FWMaxSessionExceeded
1890,IgmpGrpIfSapMaxGrpSrcLimExcd
1891,IgmpHostMaxGrpSrcsLimitExcd
1892,IgmpMaxGrpSrcsLimitExceeded
1893,tmnxL2tpTunnelBlacklisted
1894,tmnxL2tpTunnelSelBlacklistFull
1895,ludbDhcpHostGroupIfTooLong
1896,ludbPppHostGroupIfTooLong
1897,downLinkThrottling
1898,Df2PeerDown
1899,Df3PeerDown
1900,WmmMaintenanceState
1901,ipsecTunnelGroupDown
1902,ipsecGroupSyncTagMisconfigure
1903,ATPCLoopProblem
1904,LossOfFrame
1905,ReplaceableUnitProblem
1906,ReplaceableUnitMissing
1907,DemodulationFailure
1908,EarlyWarning
1909,HighBER
1910,IncompatibleFrequency
1911,IncompatibleModulationParam
1912,IncompatibleProtection
1913,Incompatibleshifter
1914,IncompatibleTxPower
1915,InternalCommunicationProblem
1916,LinkIdentifierMismatch
1917,LossOfAlignment
1918,PeerChange
1919,RemoteDefectIndication
1920,ThresholdCrossed
1921,UnavailableTime
1922,LoopProblem
1923,RadioNotDetected
1924,SoftwareDownloadFailure
1925,SwPackageMissing
1926,RadioTransmitterMuted
1927,RadioSoftwareDownloadInProgress
1928,DemodulatorXPICLossOfSignal
1929,ArcIND
1930,DbMemTrf
1931,DbUnsync
1932,NetConfEventSubscriptionFailed
1933,NtpOoSync
1935,netconfDown
1936,scriptExecutionError
1937,NoValidRadioSoftwareFound
1938,PrcdrErrTopo
1939,TransferLogFL
1940,TransferLogFT
1941,TransferLogIP
1942,NTPNoServersAvail
1943,NTPOperDown
1944,NTPServerChange
1945,AutoSwTimRef_T4
1946,FrcdSwTimRef_T4
1947,LockoutOfTimRef_T4
1948,ManSwTimRef_T4
1949,LossOfLock
1950,ExceedingPolicingParameters
1951,MacMoveRateExceededNonBlock
1952,IgmpSnpgGrpSrcLimitExceed
1953,duplicateNameExists
1954,igmpSnpgGrpMaxNbrGrpSrcsReached
1955,LSRPATHDown
1956,RevertiveMisMatch
1957,TPLSPDown
1958,TPLSPPATHDown
1959,PrimarybridgeSTPPriorityishigherthansecondrybridge
1960,tFilterApplyPathProblem
1961,NoDbFile
1962,nodeSoftwareMisalignment
1963,OperationalStateDown
1964,macAccountingLimitReached
1965,UnableToResolveNetworkConfiguration
1966,VirtualMachineShutDownOrDeletedOrCrashed
1968,UserInitiatatedOrRequiredResourceIdBeingBlocked
1969,ControllerNotOperationallyUp
1970,ControllerDownOrPhysicalPortDownOrInterfaceDown
1971,CsfGfp
1972,EQPTCRYPTO
1973,FPGAPRELOAD
1974,FipsSwMismatch
1975,FPGAINIT1
1976,FPGAINIT2
1977,FPGAINIT3
1978,FPGAINIT4
1979,FPGAINIT5
1980,FPGAINIT6
1981,FPGAINIT7
1982,FPGAINIT8
1983,FPGAINIT9
1984,FPGAINIT10
1985,GfpUpm
1986,OSNRMESC
1987,SLCBOOTCONTCOM
1988,SLCCARDINIT
1989,SLCCLKSYNC
1990,SLCCONTCOM
1991,SLCDATAFLT
1992,SLCEQPTBOOT
1993,SLCMISMATCH
1994,SLCNOTINSERVICE
1995,SsfSectionOut
1996,T_FEC_UBC_15MIN
1997,T_FEC_UBC_1DAY
1998,TRUBRKROPEN
1999,TRUSVCVOLTFLT
2000,VwmShelfMismatch
2001,VwmShelfRemoved
2002,EPSActivityChange
2003,MaintenanceCommandChange
2004,RPSActivityChange
2005,TPSActivityChange
2006,AnnounceLoss
2007,DelayResLoss
2008,PTPFreeRun
2009,PTPRefLoss
2010,PTPRefUnstable
2011,SyncLoss
2012,TODRefUnstable
2013,RmdIfANM
2014,RmdDNR
2015,RMDEfmLosP
2016,RmdEQF
2017,RmdNDF
2018,RmdPWR
2019,RmdIfEQF
2020,RmdIfLOS
2021,RmdIfUNI
2022,RmdWDP
2023,RmdIfWUP
2024,TWAMPReflectorInactivityTimeout
2025,TooManyUnacknowledgedRadiusAccountingOnMessages
2026,MisconfiguredPolicy
2027,RadiusServerUnreachable
2028,MissingClientInformation
2029,aAUrlFilterStateChanged
2030,tFilterEmbeddingOperStateChange
2031,HostSharedFilterHighWatermarkAlarm
2032,DHCPSFoLeaseUpdateFailedAddressConflict
2033,DHCPSFoLeaseUpdateFailedHostConflict
2034,DHCPSFoLeaseUpdateFailedLeaseExpired
2035,DHCPSFoLeaseUpdateFailedMaxLeaseReached
2036,DHCPSFoLeaseUpdateFailedPeerConflict
2037,DHCPSFoLeaseUpdateFailedPersistenceCongested
2038,DHCPSFoLeaseUpdateFailedRangeNotFound
2039,DHCPSFoLeaseUpdateFailedSubnetNotFound
2040,DHCPSFoLeaseUpdateFailedfoShutdown
2041,DHCPServerFailoverStateChanged
2042,notEnoughContiguousBlocks
2043,tmnxDhcpSvrSubnetBindingFailed
2044,bufMemoryError
2045,ifCellError
2046,ifDownError
2047,intMemoryError
2048,statsMemoryError
2049,invalidConfiguation
2050,duplicateRouteDistinguisher
2051,LagMemberMicroBfdSessionStateChanged
2052,ThresholdExceeded
2053,DestinationParametersMismatch
2054,LSPNumberMismatch
2055,NatMdaLoadSharingErrorDetected
2056,NatDeterministicMapChanged
2057,NodeSuspend
2058,rcaAuditStatusAfterNEUpgrade
2059,duplicateIpAddress
2060,tmnxVRtrManagedRouteAddFailed
2061,ScriptAlarm
2062,SSLKeystoreCertificateHasExpired
2063,SSLKeystoreCertificateAboutToExpire
2064,persistenceRestoreProblem
2065,persistencyFileSysThresRaised
2066,CPAASwitchover
2067,MgwPeerGtpMismatchAlarm
2068,powerCapacityExceeded
2069,powerLostCapacity
2070,powerOverloadState
2071,powerSafetyAlertThresholdCrossed
2072,powerSafetyLevelThresholdCrossed
2073,powerSupplyInputFeedDown
2075,leaseWithInconsistentFailoverConfiguration
2076,incompatibleProtection
2077,sameManagementSystemAddress
2078,sasResultCollectionThresholdExceeded
2079,DHCPPFoLeaseUpdateFailedAddressConflict
2080,DHCPPFoLeaseUpdateFailedHostConflict
2081,DHCPPFoLeaseUpdateFailedLeaseExpired
2082,DHCPPFoLeaseUpdateFailedMaxLeaseReached
2083,DHCPPFoLeaseUpdateFailedPeerConflict
2084,DHCPPFoLeaseUpdateFailedPersistenceCongested
2085,DHCPPFoLeaseUpdateFailedRangeNotFound
2086,DHCPPFoLeaseUpdateFailedSubnetNotFound
2087,DHCPPFoLeaseUpdateFailedfoShutdown
2088,DHCPPoolFailoverStateChanged
2089,HistCorrEventDBSizeIsNotSufficient
2090,DatabaseErrors
2091,diamAppMessageDropped
2092,GfpLof
2093,KeyDomainErr
2094,LowSwitchFabricCapacity
2095,OchKeyUnavail
2096,OchKeysReused
2097,PowerSupplACRectifierFailedorMissing
2098,provPowerCapacity
2099,tchipMemoryParityError
2100,incompatiblePortUsage
2101,IPSecRUSAFailToAddRoute
2102,IPsecRUTnlFailToCreate
2103,AuthKeyConflict
2104,Threshold
2105,PMFileNotificationMissing
2106,InvalidCompatibilityModeofQueryReceived
2107,MldGrpIfSapMaxGroupsLimitExceeded
2108,MldGrpIfSapMaxGrpSrcLimExcd
2109,MldGrpIfSapMaxSourcesLimitExceeded
2110,MldMaxGrpSrcsLimitExceeded
2111,MldMaxSrcsLimitExceeded
2112,NtpAuthFail
2113,OFFlowEntryDeploymentCreateFailed
2114,OFFlowEntryDeploymentDeleteFailed
2115,OFLogicalPortStatusMplsTpNotSet
2116,OFLogicalPortStatusRsvpTeNotSet
2117,OFSwitchDown
2118,diamAppSessionFailure
2119,subVirtualSubnetHostsDeleted
2120,SasPmBinStatThresholdExceeded
2121,tooManyAlarmsRaisedByBinStats
2122,subSlaacAddressOverlap
2123,sdpPbbActvPwWithNonActvCtrlPwChg
2124,CPAAPeerConnectionDown
2125,CPAALinksToAreaDown
2126,eNBsAuxIPMisalignment
2127,fanCommunicationProblem
2128,rFSwitchFail
2130,PrimaryControllerFailOver
2131,VirtualPortReachability
2132,DuplicateVswNextHop_VmExistsOnTwoLocations
2133,VportCannotBeReachedFromBgpVpn
2134,VportAddressMismatchWithBgpRoute
2135,VirtualPortDownOrDeleted
2136,VirtualSwitchIpAddressMisConfiguration
2137,connectivityIssue
2138,AesFipsFailure
2139,BadClkFreq
2140,CardClkOffFreq
2141,FAN32HRQD
2142,FPGAFAILNSA
2143,FPGAINITNSA1
2144,FPGAINITNSA2
2145,FPGAINITNSA3
2146,FPGAINITNSA4
2147,FPGAINITNSA5
2148,FPGAINITNSA6
2149,FPGAINITNSA7
2150,FPGAINITNSA8
2151,FPGAINITNSA9
2152,FPGAINITNSA10
2153,FPGATIMEOUTNSA
2154,FipsFailure
2155,FwMismatch
2156,ImageNotReady
2157,LOSOAMP
2158,ShelfInVoltMaxCur
2159,SuspectClkFreq
2160,TCMAis
2161,T_OPRH_LANE_1
2162,T_OPRH_LANE_2
2163,T_OPRH_LANE_3
2164,T_OPRH_LANE_4
2165,T_OPRH_LANE_5
2166,T_OPRH_LANE_6
2167,T_OPRH_LANE_7
2168,T_OPRH_LANE_8
2169,T_OPRH_LANE_9
2170,T_OPRH_LANE_10
2171,T_OPRL_LANE_1
2172,T_OPRL_LANE_2
2173,T_OPRL_LANE_3
2174,T_OPRL_LANE_4
2175,T_OPRL_LANE_5
2176,T_OPRL_LANE_6
2177,T_OPRL_LANE_7
2178,T_OPRL_LANE_8
2179,T_OPRL_LANE_9
2180,T_OPRL_LANE_10
2181,T_OPTH_LANE_1
2182,T_OPTH_LANE_2
2183,T_OPTH_LANE_3
2184,T_OPTH_LANE_4
2185,T_OPTH_LANE_5
2186,T_OPTH_LANE_6
2187,T_OPTH_LANE_7
2188,T_OPTH_LANE_8
2189,T_OPTH_LANE_9
2190,T_OPTH_LANE_10
2191,T_OPTL_LANE_1
2192,T_OPTL_LANE_2
2193,T_OPTL_LANE_3
2194,T_OPTL_LANE_4
2195,T_OPTL_LANE_5
2196,T_OPTL_LANE_6
2197,T_OPTL_LANE_7
2198,T_OPTL_LANE_8
2199,T_OPTL_LANE_9
2200,T_OPTL_LANE_10
2201,T_PMON_PORTHIGHCAPACITYOCTETS_15MIN
2202,T_PMON_PORTHIGHCAPACITYOCTETS_1DAY
2203,T_PMON_PORTHIGHCAPACITYPKTS_15MIN
2204,T_PMON_PORTHIGHCAPACITYPKTS_1DAY
2205,T_PMON_PORTIFINDISCARDS_15MIN
2206,T_PMON_PORTIFINDISCARDS_1DAY
2207,T_PMON_PORTIFINERRORS_15MIN
2208,T_PMON_PORTIFINERRORS_1DAY
2209,T_PMON_PORTIFINOCTETS_15MIN
2210,T_PMON_PORTIFINOCTETS_1DAY
2211,T_PMON_PORTIFINPACKETS_15MIN
2212,T_PMON_PORTIFINPACKETS_1DAY
2213,T_PMON_PORTIFOUTDISCARDS_15MIN
2214,T_PMON_PORTIFOUTDISCARDS_1DAY
2215,T_PMON_PORTIFOUTERRORS_15MIN
2216,T_PMON_PORTIFOUTERRORS_1DAY
2217,T_PMON_PORTIFOUTOCTETS_15MIN
2218,T_PMON_PORTIFOUTOCTETS_1DAY
2219,T_PMON_PORTIFOUTPACKETS_15MIN
2220,T_PMON_PORTIFOUTPACKETS_1DAY
2221,T_PMON_PORTQUEUE1OCTETSDROPPED_15MIN
2222,T_PMON_PORTQUEUEOCTETSDROPPED_1DAY
2223,T_PMON_PORTQUEUE1PKTSDROPPED_15MIN
2224,T_PMON_PORTQUEUEPKTSDROPPED_1DAY
2225,T_PMON_PORTQUEUE2OCTETSDROPPED_15MIN
2226,T_PMON_PORTQUEUE2PKTSDROPPED_15MIN
2227,T_PMON_PORTQUEUE3OCTETSDROPPED_15MIN
2228,T_PMON_PORTQUEUE3PKTSDROPPED_15MIN
2229,T_PMON_PORTQUEUE4OCTETSDROPPED_15MIN
2230,T_PMON_PORTQUEUE4PKTSDROPPED_15MIN
2231,T_PMON_PORTQUEUE5OCTETSDROPPED_15MIN
2232,T_PMON_PORTQUEUE5PKTSDROPPED_15MIN
2233,T_PMON_PORTQUEUE6OCTETSDROPPED_15MIN
2234,T_PMON_PORTQUEUE6PKTSDROPPED_15MIN
2235,T_PMON_PORTQUEUE7OCTETSDROPPED_15MIN
2236,T_PMON_PORTQUEUE7PKTSDROPPED_15MIN
2237,T_PMON_PORTQUEUE8OCTETSDROPPED_15MIN
2238,T_PMON_PORTQUEUE8PKTSDROPPED_15MIN
2239,MepError
2240,MepMacError
2241,MepXcon
2242,T_PMON_DMABFD_15MIN
2243,T_PMON_DMABFD_1DAY
2244,T_PMON_DMAFFDV_15MIN
2245,T_PMON_DMAFFDV_1DAY
2246,T_PMON_DMAFFD_15MIN
2247,T_PMON_DMAFFD_1DAY
2248,T_PMON_DMANFDV_15MIN
2249,T_PMON_DMANFDV_1DAY
2250,T_PMON_DMANFD_15MIN
2251,T_PMON_DMANFD_1DAY
2252,T_PMON_DMXBFD_15MIN
2253,T_PMON_DMXBFD_1DAY
2254,T_PMON_DMXFFDV_15MIN
2255,T_PMON_DMXFFDV_1DAY
2256,T_PMON_DMXFFD_15MIN
2257,T_PMON_DMXFFD_1DAY
2258,T_PMON_DMXNFDV_15MIN
2259,T_PMON_DMXNFDV_1DAY
2260,T_PMON_DMXNFD_15MIN
2261,T_PMON_DMXNFD_1DAY
2262,T_PMON_LMAFFLR_15MIN
2263,T_PMON_LMAFFLR_1DAY
2264,T_PMON_LMANFLR_15MIN
2265,T_PMON_LMANFLR_1DAY
2266,T_PMON_LMFHLI_15MIN
2267,T_PMON_LMFHLI_1DAY
2268,T_PMON_LMNHLI_15MIN
2269,T_PMON_LMNHLI_1DAY
2270,T_PMON_LMXFFLR_15MIN
2271,T_PMON_LMXFFLR_1DAY
2272,T_PMON_LMXNFLR_15MIN
2273,T_PMON_LMXNFLR_1DAY
2274,T_PMON_SLMAFFLR_1DAY
2275,T_PMON_SLMAFFLR_15MIN
2276,T_PMON_SLMAFFLR_CONTINUOUS
2277,T_PMON_SLMANFLR_1DAY
2278,T_PMON_SLMANFLR_15MIN
2279,T_PMON_SLMANFLR_CONTINUOUS
2280,T_PMON_SLMFHLI_15MIN
2281,T_PMON_SLMFHLI_1DAY
2282,T_PMON_SLMFHLI_CONTINUOUS
2283,T_PMON_SLMNHLI_15MIN
2284,T_PMON_SLMNHLI_1DAY
2285,T_PMON_SLMNHLI_CONTINUOUS
2286,T_PMON_SLMXFFLR_1DAY
2287,T_PMON_SLMXFFLR_CONTINUOUS
2288,T_PMON_SLMXNFLR_1DAY
2289,T_PMON_SLMXNFLR_CONTINUOUS
2290,ApeInProgress
2291,BackupUnavail
2292,ChannelViolation
2293,ColorViolation
2294,CommDeg
2295,CommDown
2296,EptUploadErr
2297,EsCableMismatch1
2298,EsCableMismatch2
2299,EsCableMismatch3
2300,EsCableMismatch4
2301,EsCableMismatch5
2302,EsCableMismatch6
2303,EsCableMismatch7
2304,EsCableMismatch8
2305,EsCableMismatch9
2306,EsCableMismatch10
2307,EsCableMismatch11
2308,EsCableMismatch12
2309,EsCableMismatch13
2310,EsCableMismatch14
2311,EsCableMismatch15
2312,EsCableMismatch16
2313,EsCableMismatch17
2314,EsCableMismatch18
2315,EsCableMismatch19
2316,EsCableMismatch20
2317,EsCableMismatch21
2318,EsCableMismatch22
2319,EsCableMismatch23
2320,EsCableMismatch24
2321,FeasibilityViolation
2322,InMigration
2323,LinkDiviersity
2324,LspFailedApe
2325,LspFailedPre
2326,LspFailedTp
2327,LspFailedUnprot
2328,LspFailedXc
2329,NeUnreachable
2330,NodeDeg
2331,NunvComm
2332,NunvConfig
2333,NunvIndetermined
2334,NunvReversion
2335,NunvTpBlocked
2336,NunvTransmission
2337,NvMismatch
2338,OpticalParamErr
2339,ReRouted
2340,ReadyToRevert
2341,RestorationDisabled
2342,RouteNotPossible
2343,SrgDiviersity
2344,SubNodeUnreachable
2345,TestMode
2346,RmdTsopLPL
2347,RmdNimLOF
2348,RmdTsopNoTdmPl
2349,RmdTsopRPL
2350,T_PMON_SAPINGRESSOCTETSDROPPED_15MIN
2351,T_PMON_SAPINGRESSOCTETSDROPPED_1DAY
2352,T_PMON_SAPINGRESSPKTSDROPPED_15MIN
2353,T_PMON_SAPINGRESSPKTSDROPPED_1DAY
2354,MTCESURV
2355,APPLPAN
2356,LANASYM
2357,BDIS
2358,BDIP
2359,CombinerLossOfAlignment
2360,CONTCOMFLC
2361,CONTCOMMTX
2362,CONTCOMQ1
2363,CONTCOMQ2
2364,CONTCOMQ3
2365,CONTCOMQ4
2366,CRITICALTEMP
2367,GFPCSF
2368,ODUCSF
2369,DUPSHELFID
2370,EBER
2371,MAN
2372,FanFail
2373,FLTBLKD
2374,FLTCLOGCRIT
2375,FLTCLOGHIGH
2376,FLTMISS
2377,FWUPGRADEFAIL
2378,FA
2379,GFPLOF
2380,HWFAIL
2381,HWMCPF
2382,HWSUSP
2383,HIGHTEMP
2384,IOMEventOverflow
2385,IOMResHighLimitReached
2386,IOMResExhausted
2387,INHSWDX
2388,INTCLOCKMISS
2389,InterConnectPortDDMFailure
2390,InterConnectPortLinkDown
2391,InterConnectPortMisconnected
2392,InterConnectPortSFFFailure
2393,ECCCOMA
2394,ECCCOMB
2395,INTLANDEGR
2396,INTLANFAIL
2397,INTERRA
2398,INTERRB
2399,INTSYNCMISSA
2400,INTSYNCMISSB
2401,LOL
2402,LATCHOPEN
2403,LCK
2404,LANLEFTRING
2405,LOSOTS
2406,LSS
2407,LSSC
2408,LVCO
2409,MISC_1
2410,ABNORMAL
2411,NTPOOSYNC
2412,DXNOTALGND
2413,PRCDRERR
2414,IMPROPRMVL
2415,PlcyAcctStatsPoolInUseExcAndLow
2416,PLMP
2417,PWR
2418,qChipResetProtocolTimeout
2419,RCVTIMFAIL
2420,RIMISMATCH
2421,LANRIGHTRING
2422,RxDivMissing
2423,SFMInterconnectPortDegraded
2424,SERVICING
2425,MIXOPERAT
2426,SHTRANSMFAIL
2427,SHELFUNAVAIL
2428,UPGSWITCH
2429,THERMSHUTD
2430,SWDWN
2431,SWMISM
2432,STBYDBC
2433,T_OFS_RS_15MIN
2434,T_OFS_RS_1DAY
2435,UnsupportedSFFinInterConnectPort
2436,GFPUPM
2437,VwmShelfCardIdMismatch
2438,VwmShelfCardRemoved
2439,etherPortSymMonSDThreholdExceededAlarm
2440,etherPortSymMonSFThreholdExceededAlarm
2441,operationalCondition
2442,probCauseUnknown
2443,lowTemperatureMidLimit
2444,lossOfSynchronisation
2445,otherSecurityService
2446,reservedRouteTargetChanged
2447,routeTargetConflictWithOtherService
2448,MaxFecLimitReached
2449,MaxFecThresholdChange
2450,DscOverloadStateChange
2451,DscExtSystemOperStateDown
2452,InvalidCompatibilityModeOfQueryReceived
2453,MldHostInstantiationFailed
2454,MldHostMaxGroupsLimitExceeded
2455,MldHostMaxGrpSrcsLimitExceeded
2456,MldHostMaxSrcsLimitExceeded
2457,InvalidVersionOfQueryMessageReceived
2458,McOmcrClientNumEntriesHigh
2459,McOmcrStatFailedChanged
2460,NatIsaGrpDegraded
2461,unrecommendedConfiguration
2462,CPMALocalInterConnectPortNotAvailable
2463,CPMBLocalInterConnectPortNotAvailable
2464,DBBACKUP
2465,DBF
2466,DBRESTORE
2467,DRF
2468,InterChassisCommunicationDown
2469,noAdminDomainFound
2470,NEUNAVAIL
2471,trapGapExceeded
2472,INIT
2473,INITNF
2474,TimeRefDisqualified
2475,TimeRefSelect
2476,ACTLPBK
2477,AIS
2478,AINS
2479,EOC
2480,EXTLANFAIL
2481,IPCPCONFAIL
2482,LCPCONFAIL
2483,OSPFADJFAIL
2484,SSFETH
2485,SSFOCH
2486,SSFL
2487,SSFP
2488,SSFS
2489,SDBER
2490,T_CVS
2491,T_ESS
2492,T_OPR_H
2493,T_OPR_L
2494,T_OPT_H
2495,T_OPT_L
2496,T_SEFSS
2497,T_SESS
2498,T_UASS
2499,ProtectionDegrade
2500,TIMP
2501,TIMS
2502,UnderlyingServerDown
2503,UATRS
2504,URUS
2505,URUO
2506,WTR
2507,GFPEXM
2508,FOPINCON
2509,FOPNR
2510,FOPOM
2511,FOPPM
2512,FOPSM
2513,LOCKOUTOFPR
2514,LOCKOUTWR
2515,LOOMFI
2516,SDBERP
2517,SDBERS
2518,T_BBE_ODU
2519,T_BBE_OTU
2520,T_ES_ODU
2521,T_ES_OTU
2522,T_FECC
2523,T_SES_ODU
2524,T_SES_OTU
2525,T_UAS_ODU
2526,T_UAS_OTU
2527,UATODU
2528,UATOTU
2529,URUP
2530,addressAttachFailed
2531,mCRedirectThresholdReached
2532,RPKISessionNotEstablished
2533,tooManySasResyncTasks
2534,missingTwlReflectorConfiguration
2535,routeTargetMisConfigured
2536,serviceMisConfigured
2537,subscriberMisConfigured
2538,SflowCpSamplingInterruptedorStarted
2539,SflowPacketTxFailure
2540,invalidMacAddress
2541,invalidMacAddressCleared
2542,MonitoredObjectsCrossThreshold
2543,unmanagedMplsTpSDPTunnelSite
2544,BGPProfilePrefixUnreachable
2545,vprnTypeMismatched
2546,WlanGwIsaGrpDegraded
2547,APRFORCED
2548,APRLIMITED
2549,PacketCardConfigMismatch
2550,FRCRFCKSEL
2551,T_FTD_ENCRYPT_15MIN
2552,T_FTD_ENCRYPT_1DAY
2553,flashCardFailure
2554,flashCardRealignmentInProgress
2555,LOLA
2556,OpticalTest
2557,PacketCardInit
2558,PowerSupplyWrongFanDir
2559,ShelfIncon
2560,SpiReadError
2561,ActiveFailedCrossConnectionProblem
2562,ActiveFailedEndpointFailure
2563,ActiveFailedPreemption
2564,ActiveFailedTransmissionProblem
2565,ActiveFailedUnprotected
2566,BackupUnavailable
2567,DPRDegraded
2568,DPRDown
2569,DPRNetworkVersionMismatch
2570,GmreDegraded
2571,GmreInAutomaticRestorationDisabledMode
2572,GmreInMigration
2573,InBandCommDegraded
2574,InBandCommDown
2575,LatencyViolation
2576,LinkDiversityViolation
2577,LogicalNodeNotReachable
2578,MaxHopViolation
2579,NeNotReachable
2580,NominalUnavailableCommunicationProblem
2581,NominalUnavailableConfigurationProblem
2582,NominalUnavailableIndeterminateProblem
2583,NominalUnavailableReversionPreempt
2584,NominalUnavailableTPBlocked
2585,NominalUnavailableTransmissionProblem
2586,OpticalParameterFileError
2587,OutBandCommDegraded
2588,OutBandCommDown
2589,RSVPDegraded
2590,RSVPDown
2591,RerouteNotPossible
2592,Rerouted
2593,SNCInAutomaticRestorationDisabledMode
2594,SNCPDegraded
2595,SRGViolation
2596,SoftRerouteInProgress
2597,TestModeEnabled
2598,DXIMPAIRED
2599,TmnxBsxUrlListFailure
2600,TmnxBsxUrlListUpdate
2601,apsEventSwitchover
2602,dhcpSvrNoSubnetFixAddr
2603,UnknownApplicationPolicy
2604,UnknownPeerPolicy
2605,NoOperationalPeers
2606,TxError
2607,RxError
2608,TxTimeout
2609,TxTimeoutPendingQ
2610,TxRetriesExceeded
2611,CcrtReplayLifetimeExceeded
2612,CcrtReplayTooManySessions
2613,FacilityLoopbackConfigured
2614,TerminalLoopbackConfigured
2615,XplIngrError
2616,GmplsLspDown
2617,GmplsLspPathBindingDown
2618,MemberDown
2619,subAuthenticationError
2620,DnsIpCacheFull
2621,remoteIdMismatch
2622,propertyMismatch
2623,dhcpLseStateRestoreProblem
2624,dhcpMiscellaneousProblem
2625,subMcsRelatedProblem
2626,PerformanceDegraded
2627,radAcctPlcyRadSerOperStatChg
2628,peerToAuxAddressMismatch
2629,sapDHCPLseStateMobilityError
2630,sapPppoeNcpFailure
2631,SubIpoeInvalidCidRidChange
2632,SubIpoeInvalidSessionKey
2633,SubIpoePersistenceRecovery
2634,SubIpoeSessionLimitReached
2635,changeOfAddressError
2636,CAProfileUpDueToRevokeChkCrlOpt
2637,subAuthPlcyRadSerOperStatChg
2638,allowInBandMismatch
2639,colorMismatch
2640,costMetricMismatch
2641,latencyMismatch
2642,srgMismatch
2643,tcmMismatch
2644,waitToRevertMismatch
2645,DiameterProxyDown
2646,PrefixDown
2647,GfpExm
2648,HwAccessFailure
2649,LOSN1
2650,LOSN2
2651,linkcle
2652,linkodnc
2653,NotAllowPowered
2654,RestrictedConnectivity
2655,SDKMismatch
2656,ShelfIdMismatch
2657,ShelfLoadWarning
2658,SyncMisc1
2659,T_BBE_ODU_15MIN_OUT
2660,T_BBE_ODU_1DAY_OUT
2661,T_ES_ODU_15MIN_OUT
2662,T_ES_ODU_1DAY_OUT
2663,T_FEBBE_ODU_15MIN_OUT
2664,T_FEBBE_ODU_1DAY_OUT
2665,T_FEES_ODU_15MIN_OUT
2666,T_FEES_ODU_1DAY_OUT
2667,T_FESES_ODU_15MIN_OUT
2668,T_FESES_ODU_1DAY_OUT
2669,T_FEUAS_ODU_15MIN_OUT
2670,T_FEUAS_ODU_1DAY_OUT
2671,T_SES_ODU_15MIN_OUT
2672,T_SES_ODU_1DAY_OUT
2673,T_UAS_ODU_15MIN_OUT
2674,T_UAS_ODU_1DAY_OUT
2675,VwmIDFail
2676,EthernetPortRateMisMatch
2677,StaticLabelMapInUseByNGE
2678,ExcessiveEnvironmentTemparature
2679,FanFailure
2681,RxDiversityMissing
2682,RFSwitchFailure
2683,RadioEncryptionMismatch
2684,duplicateDPNodeIP
2685,UnknownNGEConfiguration
2686,ConfigMismatch
2687,CreationFailed
2688,DeletionFailed
2689,KeyGroupActiveOutboundSAConfigPending
2690,KeyActivationFailed
2691,VerificationFailed
2692,RekeyFailed
2693,DisableEncryptionFailed
2694,EncryptionFailed
2695,radioEncryptionMismatch
2696,BITS2ReferenceLossOfSignal
2697,BITS2ReferenceOutOfFrequency
2698,BITS2ReferenceOutOfPollInRange
2699,AISP
2700,UNEQP
2701,LOPP
2702,UATHOVC
2703,BgpNetworkUnstable
2704,NGEUnsupported
2705,NominalLinkViolation
2706,RekeyCleanupFailed
2707,bootLoaderUpdateFailed
2708,virtualChassisStatusChange
2709,virtualChassisRoleChange
2710,dynamicPeerLimitReached
2711,peerGroupDynamicPeerLimitReached
2712,freePrefixesDepleted
2713,freePrefixesTooLow
2714,PoolManagerCreateInternalObjectFailed
2715,PoolManagerPoolTimeout
2716,PoolManagerPoolUsageLow
2717,ProxyMcLocalStateChange
2718,HiRamanGain
2719,LoRamanGain
2720,ECEventSwitchover
2721,OesCtlCardPortDown
2722,oesFan32HReqd
2723,OesPortDeviceorPortFailureDetected
2724,OesUsrpnlPortDown
2725,SystemLicenseExpiresSoon
2726,SystemLicenseInvalid
2727,UruO
2728,UruP
2729,duplicateNodeSegmentId
2730,isisRejectedAdjacencySID
2731,isisSIDError
2732,isisSIDNotInLabelRange
2733,callSetUpFailure
2734,underlayingResourceUnavailable
2735,SONEventNotProcessed
2736,WmmPartialSupport
2737,liMirrorLiNatL2awSubOperStateDown
2738,liMirrorLiNatLsnSubOperStateDown
2739,PeerSyncStatusChanged
2740,DeterministicNatMapOperDown
2741,DeterministicNatPrefixOperDown
2742,ActiveCPMMgmtEthernetPortDown
2743,arpHostOverride
2744,sysIdentifierFail
2745,duplicatedNodeName
2746,natResourceProblem
2747,OesControlPathCommunicationDown
2748,OesEquipmentControllerFailure
2749,OesEquipmentControllerRedundancySyncFailure
2750,proxyArpSysHiUsgSet
2751,proxyNdSysHiUsgSet
2752,SystemCorruption
2755,AdvRtrLsaLimitWarning
2756,ospfSIDError
2757,ospfSIDNotInLabelRange
2758,ArpEntriesExceededLimit
2759,ArpEntriesExceededThresholdLimit
2760,NeighborEntriesExceededLimit
2761,NeighborEntriesExceededThresholdLimit
2762,HostBGPPeeringSetupFailed
2763,PoolManagerAddNewPoolFailed
2764,PoolManagerDHCPv6ClientStartFailed
2765,PoolManagerNewPoolRequestFailed
2766,SubIPoEMigrationHostDelete
2767,CRLAfterExpWarning
2768,CRLBeforeExpWarning
2769,crlUpdateFailureonAllURL
2770,crlUpdateFailureonURL
2771,certAfterExpWarning
2772,certBeforeExpWarning
2773,softwareUpgradeInProgress
2774,macAddrMisconfigured
2775,proxyArpSvcHiUsgSet
2776,proxyNdSvcHiUsgSet
2777,EXTIFFAIL
2778,MJCPF
2779,IPsecRUTnlRemoved
2780,vmNotActive
2781,ResourceManagementAPICallToCloudManagerFail
2782,lowInputVoltage
2783,mdaRuntimeStatusUpdate
2784,ptp1588tcFail
2785,powerSupplyInputFailure
2786,powerSupplyOutputFailure
2787,APEInProgress
2788,ActiveFailedAPEFailed
2789,ChannelAssignmentViolation
2790,OpticalFeasibilityViolation
2791,TCAChannelMargin
2792,lacRequested
2793,vmRebootFailed
2794,NTPMaxAssocTrap
2795,aaStatTcaCfgThrshCross
2796,aaStatTcaFilterThrshCross
2797,aaStatTcaFltrEntryThrshCross
2798,aaStatTcaPolicerThrshCross
2799,diamMessageDropped
2800,FRQSLTMISMATCH
2801,OCCPCR
2802,OCCPMJ
2803,OCCPMN
2804,powerSupplyAcFailure
2805,powerSupplyDcFailure
2806,powerSupplyOverTemperature
2807,prefixLimitWarning
2808,bandwidthReduced
2810,MsgQueueFull
2811,MsgQueueHighThreshold
2812,MsgQueueLowThreshold
2813,FtpLoginMaxAttempts
2814,UnderlyingServerDegraded
2815,SubMngdHostOverride
2816,subMngdHostCreationFail
2817,WMMSnapshotException
2818,BareMetalReachabilityDownOrDeleted
2819,HostPortPrefixMissing
2820,lagPortDown
2821,rxProblem
2822,trafficDown
2823,trafficLoss
2824,txProblem
2825,FastPhotonicRestModeMismatch
2826,ftpFailed
2827,bofSaveFailed
2828,aIS
2829,antennaFailure
2830,applicationSubsystemFailture
2831,backplaneFailure
2832,bandwidthReducedX733
2833,batteryChargingFailure
2834,configurationOrCustomisationError
2835,congestionX733
2836,coruptData
2837,degradedSignalX733
2838,diskFailure
2839,enclosureDoorOpenX733
2840,excessiveBER
2841,externalIFDeviceProblem
2842,fileErrorX733
2843,framingErrorX733
2844,heatingVentCoolingSystemProblem
2845,iODeviceError
2846,informationOutOfSequence
2847,leakDetected
2848,localNodeTransmissionErrorX733
2849,lossOfFrameX733
2850,lossOfSignalX733
2851,lowTemperatue
2852,multiplexerProblemX733
2853,nEIdentifierDuplication
2854,other
2855,ouputDeviceError
2856,outOfMemoryX733
2857,powerProblems
2858,processorProblems
2859,pumpFailureX733
2860,receiveFailureX733
2861,receiverFailureX733
2862,remoteNodeTransmissionErrorX733
2863,responseTimeExecessive
2864,sfwrDownloadFailure
2865,sfwrEnvironmentProblem
2866,signalQualityEvaluationFailure
2867,softwareErrorX733
2868,storageCapacityProblemX733
2869,timingProblemX733
2870,tranceiverFailure
2871,transmitFailureX733
2872,transmiterFailure
2873,ventilationsSystemFailure
2874,versionMismatchX733
2875,AIRTEMP
2876,AISOTU
2877,AISTCM
2878,AIS_OUT
2879,AIS_P
2880,AIS_V
2881,ALLCHANMISS_OUT
2882,ALWSWPR
2883,ANNOUNCE_LOSS
2884,APRTOPO
2885,APRUnavailable
2886,APR_SWITCH
2887,APWR
2888,ARC_IND
2889,ASONTELinkFailure
2890,AUAIS
2891,AULOP
2892,AUTORESET
2893,AUTOSYNCSW_T4
2894,ActiveFailed_APEfailed
2895,ActiveFailed_CrossConnectionProblem
2896,ActiveFailed_EndPointFailure
2897,ActiveFailed_Preemption
2898,ActiveFailed_TransmissionProblem
2899,ActiveFailed_Tuningfailed
2900,ActiveFailed_Unprotected
2901,Activeunavailable
2902,AlarmMisaligned
2903,AlarmOutofSync
2904,B1SDEGR
2905,BASELINE
2906,BDIEGR
2907,BDIODU_OUT
2908,BDI_P
2909,BDI_S
2910,BDI_T
2911,BFD_SESS_DELETED
2912,BFD_SESS_DOWN
2913,BFD_SESS_PROT_CHANGE
2914,BFD_SESS_UP
2915,BPWR
2916,CEPFailure
2917,CFGNOTALGND
2918,CLKADJ
2919,CLUSTERUNAVAIL
2920,CONTCOM_FLC
2921,CONTCOM_MTX
2922,CONTCOM_Q1
2923,CONTCOM_Q2
2924,CONTCOM_Q3
2925,CONTCOM_Q4
2926,CONTEQPT_SPLIT
2927,CONTR_OUT
2928,CPCommunicationInterfaceProblem
2929,CPI_1
2930,CPI_10
2931,CPI_11
2932,CPI_12
2933,CPI_2
2934,CPI_3
2935,CPI_4
2936,CPI_5
2937,CPI_6
2938,CPI_7
2939,CPI_8
2940,CPI_9
2941,CRTCA
2942,CSFGFP_OUT
2943,CSFODU
2944,CSFODU_OUT
2945,ClientFailure
2946,ConnectivityProblem
2947,DB_BACKUP
2948,DB_RESTORE
2949,DCNFailure
2950,DEGTCM
2951,DEG_OUT
2952,DELAYRESP_LOSS
2953,DORMANTUSER
2954,DegradedProtection
2955,E1AIS
2956,E1_AIS
2957,EBER_O
2958,ECCCOM_A
2959,ECCCOM_B
2960,EMLNotReachable
2961,ENV1
2962,ENV2
2963,ENV3
2964,ENV4
2965,ENV5
2966,ENV6
2967,ENV7
2968,ENV8
2969,EQPTBOOT
2970,EQPTDGROCH_OUT
2971,ERP_APS_POV_MISPATCH
2972,ERP_APS_PROV_MISMATCH
2973,ERP_PATH_FWD_STATE_CHANGE
2974,ERP_PATH_PROV_MISMATCH
2975,ESS_PCS
2976,ETR_MISMATCH
2977,ETR_MISMATCHMOD
2978,EXM
2979,EXWKSWBK
2980,EXWKSWPR
2981,EquipmentFailure
2982,ExBer
2983,FACEPLATEMISS
2984,FACTERM_DEV
2985,FAILTORLS_RING
2986,FAILTOSW_RING
2987,FANEQPT
2988,FECQualityThresholdCrossed15m
2989,FECQualityThresholdCrossed24h
2990,FECThresholdCrossed15m
2991,FECThresholdCrossed24h
2992,FELANLFI
2993,FELANLSS
2994,FELANRFI
2995,FELANSD
2996,FEUAT
2997,FLTCLOG
2998,FOP_INCON
2999,FOP_NR
3000,FOP_OM
3001,FOP_PM
3002,FOP_SM
3003,FRCDWKSWPR_RING
3004,FREQUENCYSLOTMISMATCH
3005,FailedToAlignConsistencyStatus
3006,FailedzEnds
3007,FastPhotonicRestorationModeMismatch
3008,GFPLOF_OUT
3009,GFPProtocolError
3010,GMREAutoRestorationDisabled
3011,GMREAutomaticRestorationdisabled
3012,GMREhalted
3013,GainOutOfPlannedRange
3014,HIGAIN
3015,HIRAMGAIN
3016,HPPLM
3017,HPRDI
3018,HWNOTSUPPORTED
3019,HWRVUNKNOWN
3020,HighPriorityAlarmsFlooding
3021,IGMP_SRC_LIMIT
3022,IINVALIDTHRESHOMS
3023,INHSWPR
3024,INITTIMEOUT
3025,INSPECTAIRFILTER
3026,INTERR_A
3027,INTERR_B
3028,INTFC_OPR_DWN
3029,INVALIDTHRESH
3030,INVALIDTHRESHOMS
3031,INVALIDTHRESHOTS
3032,INVALIDXC
3033,IncomingTandemConnectionFailure
3034,IncomingVLANSNCFailure
3035,L2LCONFAIL
3036,L2SCONFAIL
3037,LAG_MEMBER_PORT_STATE_CHANGE
3038,LAG_PORT_ADD_FAIL
3039,LAG_PORT_ADD_SUCCESS
3040,LAG_STATE_CHANGE
3041,LAG_SUB_GRP_SEL
3042,LANLSS
3043,LANSD
3044,LCASExceedingDifferentialDelay
3045,LCASProtocolError
3046,LCKEGR
3047,LCKEGRESSODU
3048,LCK_OUT
3049,LCK_T
3050,LINKUP
3051,LNK_OAM_LOOP_DETECT
3052,LNK_OAM_PEER_CHNG
3053,LOCKOUTOPS
3054,LOCKOUTOWR
3055,LOCK_LOS
3056,LOFLOM_OUT
3057,LOF_O
3058,LOGBUF90_SECULOG
3059,LOGBUFOVFL_SECULOG
3060,LOM_P
3061,LOP
3062,LOP_P
3063,LOP_V
3064,LORAMGAIN
3065,LOS_O
3066,LOS_OTS
3067,LOS_OUT
3068,LOS_O_AMP
3069,LOS_O_OUT
3070,LOS_P
3071,LOT_OUT
3072,LSAEGR
3073,LSL
3074,LSPOW_ALM_W
3075,LSP_PING_TEST
3076,LSP_TRACE_TEST
3077,LTC
3078,LTC_T
3079,LinkDegradation
3080,LockoutofProtection
3081,LossofPayload
3082,LowPriorityAlarmsFlooding
3083,MANRESET
3084,MANWKSWPR_RING
3085,MEP_AIS
3086,MEP_AIS_STATE_CHG
3087,MEP_CFM_FAULT
3088,MEP_DM_TEST
3089,MEP_ERR_CCM
3090,MEP_LBM_TEST
3091,MEP_LTM_TEST
3092,MEP_MAC_Status
3093,MEP_RDI_CCM
3094,MEP_REM_CCM
3095,MEP_SLM_TEST
3096,MEP_XCON_CCM
3097,MIRROR_DEST_DISBL
3098,MIRROR_DEST_ENAB
3099,MISMATCHMOD
3100,MPLSTP_LSP_PTTYPE_MSMTCH
3101,MPLSTP_LSP_RVRT_MSMTCH
3102,MPLS_LSP_DWN
3103,MSConfigurationMismatch
3104,MTXLNKFAIL
3105,MediaFailure
3106,MplsIfStateChange
3107,MplsLspUp
3108,MplsTpLspActivePathChange
3109,MplsTpLspActivePathUp
3110,NA
3111,NCRC4M
3112,NCRC4MEGR
3113,NEMIBbackupfailure
3114,NEMODEMIS
3115,NENotReachViaPrimaryMngInterf
3116,NENotReachViaSecondaryMngInterf
3117,NEnotreachablebyControlPlane
3118,NEnotreachablebyNP
3119,NOTALLOWED
3120,NPdegraded
3121,NPfault
3122,NTPCHKSIG
3123,NetworkConfigurationProblem
3124,NodeIsolation
3125,NomainalLinkViolation
3126,NominalUnavailable_CommunicationProblem
3127,NominalUnavailable_ConfigurationProblem
3128,NominalUnavailable_IndeterminateProblem
3129,NominalUnavailable_Reversionpreempt
3130,NominalUnavailable_TPblocked
3131,NominalUnavailable_TransmissionProblem
3132,NotAlignedConsistencyStatus
3133,NotinUseSeveritywarning
3134,OCCRPMN
3135,OCHCOLLISION_OUT
3136,OCHUNKNOWN_OUT
3137,OCIEGR
3138,OCI_OUT
3139,OCI_T
3140,OPR_OUT
3141,OSCFailure
3142,OSNROOMR
3143,OpticalChannelIssue
3144,OpticalIntrusion
3145,OpticalIntrusionMonitoringSuspended
3146,OpticalLaneHighThresholdCrossed
3147,OpticalLaneLowThresholdCrossed
3148,OpticalPowerOutofRange
3149,OutBandComm_Down11002
3150,OutgoingTandemConnectionFailure
3151,OutgoingVLANSNCFailure
3152,PCSGENERATOR
3153,PLMEGR
3154,PLM_OUT
3155,PLM_P
3156,PLM_V
3157,PMCLR24HTC
3158,PMGLBEMPTY
3159,PMGLBFTR
3160,PMGLBINPREP
3161,PMGLBREADY
3162,PPS_LOS
3163,PRCDRERR_TOPO
3164,PRCDRERR_TOPO_OUT
3165,PROCFAIL
3166,PTPGM_DEGRADE
3167,PTPGM_SWITCH
3168,PTPPATH_SWITCH
3169,PTPPORT_SWITCH
3170,PTPREF_LOSS
3171,PTPREF_UNUSABLE
3172,PTP_FAULTY
3173,PTP_FREERUN
3174,PTP_LOCK_LOS
3175,PWR1
3176,PWR2
3177,PWRSUSP_RX
3178,PW_LOCAL_STATUS_CHANGE
3179,PW_PEER_STATUS_CHANGE
3180,PW_PING_TEST
3181,PW_TRACE_TEST
3182,PowerFailure
3183,QualityThresholdCrossed15m
3184,QualityThresholdCrossed24h
3185,QualitythresholdcrossedAlert_15mins
3186,QualitythresholdcrossedAlert_24Hrs
3187,RAIDSYNC
3188,REPTSW
3189,RFI
3190,RFI_L
3191,RICORRUPT
3192,RMDDISCOVEREDDEVICE
3193,RMD_CESCHN_ALL
3194,RNG_SQLCH
3195,RSFailure
3196,RSVPNetworkVersionMismatch
3197,RTR
3198,RadioFailure
3199,ReferAdditionalText
3200,RemoteFailure
3201,RemotePhysicalFailure
3202,RemotePowerSupplyFailure
3203,Reversionblocked
3204,RmdCesChannel
3205,RmdCesChannelLPL
3206,RmdCesChannelNoTdmPl
3207,RmdCesChannelRPL
3208,RmdIfEFMLOP
3209,RmdIfMauANM
3210,RmdIfMauEQF
3211,RmdIfMauLOS
3212,RmdIfMauUNI
3213,RmdIfMauWUP
3214,RmdMepLOC
3215,RmdMepMMG
3216,RmdMepRDI
3217,RmdMepUNL
3218,RmdMepUNM
3219,RmdMepUNP
3220,SAP_FDB_FULL
3221,SAP_MAC_MOV_EXCEEDED
3222,SAP_OPR_STAT_CHG
3223,SC1LNKDGR
3224,SC1LNKFAIL
3225,SC2LNKDGR
3226,SC2LNKFAIL
3227,SC3LNKDGR
3228,SC3LNKFAIL
3229,SCLNKDGR
3230,SCLNKFAIL
3231,SDBER_P
3232,SDBER_S
3233,SDBER_T
3234,SDEGR
3235,SDEG_O
3236,SDP_BIND_OPR_STATE_CHG
3237,SDP_OPR_STATE_CHG
3238,SDP_SPK_ACTIVE_CHANGE
3239,SDP_SPK_OPR_DWN
3240,SDP_SPK_STATE_CHG
3241,SHDSLProblem
3242,SHIDMISMATCH
3243,SNCActiveUnavailable
3244,SNCAutoRestorationDisabled
3245,SNCBackupUnavailable
3246,SNCFailedZEnd
3247,SNCFailure
3248,SNCReadyToRevert
3249,SNCRerouted
3250,SNCReversionBlocked
3251,SNCSNCPDegraded
3252,SNCinAutomaticRestorationDisabled
3253,SNCnotdisjointed
3254,SPLITEQP
3255,SSFEGR
3256,SSFODUEGR
3257,SSFODU_OUT
3258,SSF_ETH
3259,SSF_L
3260,SSF_OCH
3261,SSF_OMS
3262,SSF_P
3263,SSF_S
3264,SSF_S_OUT
3265,SSF_T
3266,SSF_V
3267,SSF_e
3268,SSHKEY
3269,SSLCERT
3270,SSLCSR
3271,SSLKEY
3272,SSLMGRCACERT
3273,SVC_FDB_FULL
3274,SVC_MFIB_FULL
3275,SVC_OPR_DWN
3276,SVC_OPR_STAT_CHG
3277,SYNCFAIL
3278,SYNC_LOSS
3279,ServerMediaFailure
3280,SwitchActive
3281,TIMEGR
3282,TIMODU_OUT
3283,TIM_P
3284,TIM_S
3285,TIM_T
3286,TIM_V
3287,TOD_DEG
3288,TOD_LOS
3289,TRMTsfp
3290,TSMISMATCH_OUT
3291,T_ABFD_15_MIN
3292,T_ABFD_1_DAY
3293,T_AFFDV_15_MIN
3294,T_AFFDV_1_DAY
3295,T_AFFLR_1_DAY
3296,T_ANFDV_15_MIN
3297,T_ANFDV_1_DAY
3298,T_ANFLR_1_DAY
3299,T_BBE_HOVC_15_MIN
3300,T_BBE_HOVC_1_DAY
3301,T_BBE_LOVC_15_MIN
3302,T_BBE_LOVC_1_DAY
3303,T_BBE_MS
3304,T_BBE_MS_15_MIN
3305,T_BBE_MS_1_DAY
3306,T_BBE_ODU_15_MIN
3307,T_BBE_ODU_15_MIN_OUT
3308,T_BBE_ODU_1_DAY
3309,T_BBE_ODU_1_DAY_OUT
3310,T_BBE_OTU_15_MIN
3311,T_BBE_OTU_1_DAY
3312,T_BBE_RS
3313,T_BBE_RST_15_MIN
3314,T_BBE_RST_1_DAY
3315,T_BBE_RS_15_MIN
3316,T_BBE_RS_1_DAY
3317,T_BBE_TCM
3318,T_BBE_TCM_15_MIN
3319,T_BBE_TCM_1_DAY
3320,T_BERPOSTFEC
3321,T_BERPOSTFEC_15_MIN
3322,T_BERPOSTFEC_1_DAY
3323,T_BERPREFEC
3324,T_BERPREFEC_15_MIN
3325,T_BERPREFEC_1_DAY
3326,T_BER_DW_POSTFEC
3327,T_BER_DW_PREFEC
3328,T_BER_POSTFEC
3329,T_BIAES
3330,T_BIAES_15_MIN
3331,T_BIAES_1_DAY
3332,T_BIAES_OTU
3333,T_BIAES_TCM_15_MIN
3334,T_BIAES_TCM_1_DAY
3335,T_CVL
3336,T_CVLT
3337,T_CVST
3338,T_CVST_15_MIN
3339,T_CVST_1_DAY
3340,T_CVS_15_MIN
3341,T_CVS_1_DAY
3342,T_CV_15_MIN
3343,T_CV_1_DAY
3344,T_CV_PCS
3345,T_CV_PCST
3346,T_CV_PCST_15_MIN
3347,T_CV_PCST_1_DAY
3348,T_CV_PCS_15_MIN
3349,T_CV_PCS_1_DAY
3350,T_ESL
3351,T_ESLT
3352,T_ESP
3353,T_ESST
3354,T_ESST_15_MIN
3355,T_ESST_1_DAY
3356,T_ESS_15_MIN
3357,T_ESS_1_DAY
3358,T_ES_15_MIN
3359,T_ES_1_DAY
3360,T_ES_HOVC_15_MIN
3361,T_ES_HOVC_1_DAY
3362,T_ES_LOVC_15_MIN
3363,T_ES_LOVC_1_DAY
3364,T_ES_MS
3365,T_ES_MS_15_MIN
3366,T_ES_MS_1_DAY
3367,T_ES_ODU_15_MIN
3368,T_ES_ODU_15_MIN_OUT
3369,T_ES_ODU_1_DAY
3370,T_ES_ODU_1_DAY_OUT
3371,T_ES_OTU_15_MIN
3372,T_ES_OTU_1_DAY
3373,T_ES_PCS
3374,T_ES_PCST
3375,T_ES_PCST_15_MIN
3376,T_ES_PCST_1_DAY
3377,T_ES_PCS_15_MIN
3378,T_ES_PCS_1_DAY
3379,T_ES_RS
3380,T_ES_RST_15_MIN
3381,T_ES_RST_1_DAY
3382,T_ES_RS_15_MIN
3383,T_ES_RS_1_DAY
3384,T_ES_TCM
3385,T_ES_TCM_15_MIN
3386,T_ES_TCM_1_DAY
3387,T_ETHPKTER
3388,T_ETHPKTERT_15_MIN
3389,T_ETHPKTERT_1_DAY
3390,T_ETHPKTER_15_MIN
3391,T_ETHPKTER_1_DAY
3392,T_FCL
3393,T_FCLT
3394,T_FEBBE_MS
3395,T_FEBBE_MS_15_MIN
3396,T_FEBBE_MS_1_DAY
3397,T_FEBBE_ODU
3398,T_FEBBE_ODU_15_MIN
3399,T_FEBBE_ODU_15_MIN_OUT
3400,T_FEBBE_ODU_1_DAY
3401,T_FEBBE_ODU_1_DAY_OUT
3402,T_FEBBE_OTU
3403,T_FEBBE_OTU_15_MIN
3404,T_FEBBE_OTU_1_DAY
3405,T_FEBBE_TCM_15_MIN
3406,T_FEBBE_TCM_1_DAY
3407,T_FECC_15_MIN
3408,T_FECC_1_DAY
3409,T_FECUBC
3410,T_FECUBC_15_MIN
3411,T_FECUBC_1_DAY
3412,T_FECUBU_15_MIN
3413,T_FECUBU_1_DAY
3414,T_FECVL
3415,T_FEC_UBC_15_MIN
3416,T_FEC_UBC_1_DAY
3417,T_FEESL
3418,T_FEES_MS
3419,T_FEES_MS_15_MIN
3420,T_FEES_MS_1_DAY
3421,T_FEES_ODU
3422,T_FEES_ODU_15_MIN
3423,T_FEES_ODU_15_MIN_OUT
3424,T_FEES_ODU_1_DAY
3425,T_FEES_ODU_1_DAY_OUT
3426,T_FEES_OTU
3427,T_FEES_OTU_15_MIN
3428,T_FEES_OTU_1_DAY
3429,T_FEES_TCM_15_MIN
3430,T_FEES_TCM_1_DAY
3431,T_FESESL
3432,T_FESES_MS
3433,T_FESES_MS_15_MIN
3434,T_FESES_MS_1_DAY
3435,T_FESES_ODU
3436,T_FESES_ODU_15_MIN
3437,T_FESES_ODU_15_MIN_OUT
3438,T_FESES_ODU_1_DAY
3439,T_FESES_ODU_1_DAY_OUT
3440,T_FESES_OTU
3441,T_FESES_OTU_15_MIN
3442,T_FESES_OTU_1_DAY
3443,T_FESES_TCM_15_MIN
3444,T_FESES_TCM_1_DAY
3445,T_FEUASL
3446,T_FEUAS_MS
3447,T_FEUAS_MS_15_MIN
3448,T_FEUAS_MS_1_DAY
3449,T_FEUAS_ODU
3450,T_FEUAS_ODU_15_MIN
3451,T_FEUAS_ODU_15_MIN_OUT
3452,T_FEUAS_ODU_1_DAY
3453,T_FEUAS_ODU_1_DAY_OUT
3454,T_FEUAS_OTU
3455,T_FEUAS_OTU_15_MIN
3456,T_FEUAS_OTU_1_DAY
3457,T_FEUAS_TCM_15_MIN
3458,T_FEUAS_TCM_1_DAY
3459,T_FTD_ENCRYPT_15_MIN
3460,T_HCCS_OTU
3461,T_HCCS_OTU_15_MIN
3462,T_HCCS_OTU_1_DAY
3463,T_IAES
3464,T_IAES_15_MIN
3465,T_IAES_1_DAY
3466,T_IAES_OTU
3467,T_IAES_TCM_15_MIN
3468,T_IAES_TCM_1_DAY
3469,T_INGOCTDRP_15_MIN
3470,T_INGOCTDRP_1_DAY
3471,T_INGPKTSDRP_15_MIN
3472,T_INGPKTSDRP_1_DAY
3473,T_MPLSIFRCVOCT_15_MIN
3474,T_MPLSIFRCVOCT_1_DAY
3475,T_MPLSIFRCVPKTS_15_MIN
3476,T_MPLSIFRCVPKTS_1_DAY
3477,T_MPLSIFTRMTOCT_15_MIN
3478,T_MPLSIFTRMTOCT_1_DAY
3479,T_MPLSIFTRMTPKTS_15_MIN
3480,T_MPLSIFTRMTPKTS_1_DAY
3481,T_OFS_RS_15_MIN
3482,T_OFS_RS_1_DAY
3483,T_OPRH
3484,T_OPRH_15_MIN
3485,T_OPRH_1_DAY
3486,T_OPRL
3487,T_OPRL_15_MIN
3488,T_OPRL_1_DAY
3489,T_OPR_AVG
3490,T_OPR_AVG_15MIN
3491,T_OPR_AVG_1_DAY
3492,T_OPR_H_15_MIN
3493,T_OPR_H_1_DAY
3494,T_OPR_L_15_MIN
3495,T_OPR_L_1_DAY
3496,T_OPTH
3497,T_OPTH_15_MIN
3498,T_OPTH_1_DAY
3499,T_OPTL
3500,T_OPTL_15_MIN
3501,T_OPTL_1_DAY
3502,T_OPT_AVG
3503,T_OPT_AVG_15MIN
3504,T_OPT_AVG__1_DAY
3505,T_OPT_H_15_MIN
3506,T_OPT_H_1_DAY
3507,T_OPT_L_15_MIN
3508,T_OPT_L_1_DAY
3509,T_PMON_PORTHIGHCAPACITYOCTETS
3510,T_PMON_PORTHIGHCAPACITYPKTS
3511,T_PMON_PORTIFINDISCARDS
3512,T_PMON_PORTIFINERRORS
3513,T_PMON_PORTIFINOCTETS
3514,T_PMON_PORTIFINPACKETS
3515,T_PMON_PORTIFOUTDISCARDS
3516,T_PMON_PORTIFOUTERRORS
3517,T_PMON_PORTIFOUTOCTETS
3518,T_PMON_PORTIFOUTPACKETS
3519,T_PMON_PORTQUEUE1INPROFILEOCTETSDROPPED
3520,T_PMON_PORTQUEUE1INPROFILEPKTSDROPPED
3521,T_PMON_PORTQUEUE1OCTETSDROPPED_1DAY
3522,T_PMON_PORTQUEUE1OUTPROFILEOCTETSDROPPED
3523,T_PMON_PORTQUEUE1OUTPROFILEPKTSDROPPED
3524,T_PMON_PORTQUEUE1PKTSDROPPED_1DAY
3525,T_PMON_PORTQUEUE2INPROFILEOCTETSDROPPED
3526,T_PMON_PORTQUEUE2INPROFILEPKTSDROPPED
3527,T_PMON_PORTQUEUE2OCTETSDROPPED_1DAY
3528,T_PMON_PORTQUEUE2OUTPROFILEOCTETSDROPPED
3529,T_PMON_PORTQUEUE2OUTPROFILEPKTSDROPPED
3530,T_PMON_PORTQUEUE2PKTSDROPPED_1DAY
3531,T_PMON_PORTQUEUE3INPROFILEOCTETSDROPPED
3532,T_PMON_PORTQUEUE3INPROFILEPKTSDROPPED
3533,T_PMON_PORTQUEUE3OCTETSDROPPED_1DAY
3534,T_PMON_PORTQUEUE3OUTPROFILEOCTETSDROPPED
3535,T_PMON_PORTQUEUE3OUTPROFILEPKTSDROPPED
3536,T_PMON_PORTQUEUE3PKTSDROPPED_1DAY
3537,T_PMON_PORTQUEUE4INPROFILEOCTETSDROPPED
3538,T_PMON_PORTQUEUE4INPROFILEPKTSDROPPED
3539,T_PMON_PORTQUEUE4OCTETSDROPPED_1DAY
3540,T_PMON_PORTQUEUE4OUTPROFILEOCTETSDROPPED
3541,T_PMON_PORTQUEUE4OUTPROFILEPKTSDROPPED
3542,T_PMON_PORTQUEUE4PKTSDROPPED_1DAY
3543,T_PMON_PORTQUEUE5INPROFILEOCTETSDROPPED
3544,T_PMON_PORTQUEUE5INPROFILEPKTSDROPPED
3545,T_PMON_PORTQUEUE5OCTETSDROPPED_1DAY
3546,T_PMON_PORTQUEUE5OUTPROFILEOCTETSDROPPED
3547,T_PMON_PORTQUEUE5OUTPROFILEPKTSDROPPED
3548,T_PMON_PORTQUEUE5PKTSDROPPED_1DAY
3549,T_PMON_PORTQUEUE6INPROFILEOCTETSDROPPED
3550,T_PMON_PORTQUEUE6INPROFILEPKTSDROPPED
3551,T_PMON_PORTQUEUE6OCTETSDROPPED_1DAY
3552,T_PMON_PORTQUEUE6OUTPROFILEOCTETSDROPPED
3553,T_PMON_PORTQUEUE6OUTPROFILEPKTSDROPPED
3554,T_PMON_PORTQUEUE6PKTSDROPPED_1DAY
3555,T_PMON_PORTQUEUE7INPROFILEOCTETSDROPPED
3556,T_PMON_PORTQUEUE7INPROFILEPKTSDROPPED
3557,T_PMON_PORTQUEUE7OCTETSDROPPED_1DAY
3558,T_PMON_PORTQUEUE7OUTPROFILEOCTETSDROPPED
3559,T_PMON_PORTQUEUE7OUTPROFILEPKTSDROPPED
3560,T_PMON_PORTQUEUE7PKTSDROPPED_1DAY
3561,T_PMON_PORTQUEUE8INPROFILEOCTETSDROPPED
3562,T_PMON_PORTQUEUE8INPROFILEPKTSDROPPED
3563,T_PMON_PORTQUEUE8OCTETSDROPPED_1DAY
3564,T_PMON_PORTQUEUE8OUTPROFILEOCTETSDROPPED
3565,T_PMON_PORTQUEUE8OUTPROFILEPKTSDROPPED
3566,T_PMON_PORTQUEUE8PKTSDROPPED_1DAY
3567,T_SDPEGOCT_15_MIN
3568,T_SDPEGOCT_1_DAY
3569,T_SDPEGPKTS_15_MIN
3570,T_SDPEGPKTS_1_DAY
3571,T_SDPINOCT_15_MIN
3572,T_SDPINOCT_1_DAY
3573,T_SDPINPKTS_15_MIN
3574,T_SDPINPKTS_1_DAY
3575,T_SEFSST
3576,T_SEFSST_15_MIN
3577,T_SEFSST_1_DAY
3578,T_SEFSS_15_MIN
3579,T_SEFSS_1_DAY
3580,T_SEFS_15_MIN
3581,T_SEFS_1_DAY
3582,T_SEFS_PCS
3583,T_SEFS_PCST
3584,T_SEFS_PCST_15_MIN
3585,T_SEFS_PCST_1_DAY
3586,T_SEFS_PCS_15_MIN
3587,T_SEFS_PCS_1_DAY
3588,T_SEFS_S
3589,T_SESL
3590,T_SESLT
3591,T_SESP
3592,T_SESST
3593,T_SESST_15_MIN
3594,T_SESST_1_DAY
3595,T_SESS_15_MIN
3596,T_SESS_1_DAY
3597,T_SES_15_MIN
3598,T_SES_1_DAY
3599,T_SES_HOVC_15_MIN
3600,T_SES_HOVC_1_DAY
3601,T_SES_LOVC_15_MIN
3602,T_SES_LOVC_1_DAY
3603,T_SES_MS
3604,T_SES_MS_15_MIN
3605,T_SES_MS_1_DAY
3606,T_SES_ODU_15_MIN
3607,T_SES_ODU_15_MIN_OUT
3608,T_SES_ODU_1_DAY
3609,T_SES_ODU_1_DAY_OUT
3610,T_SES_OTU_15_MIN
3611,T_SES_OTU_1_DAY
3612,T_SES_PCS
3613,T_SES_PCST
3614,T_SES_PCST_15_MIN
3615,T_SES_PCST_1_DAY
3616,T_SES_PCS_15_MIN
3617,T_SES_PCS_1_DAY
3618,T_SES_RS
3619,T_SES_RST_15_MIN
3620,T_SES_RST_1_DAY
3621,T_SES_RS_15_MIN
3622,T_SES_RS_1_DAY
3623,T_SES_TCM
3624,T_SES_TCM_15_MIN
3625,T_SES_TCM_1_DAY
3626,T_UASL
3627,T_UASLT
3628,T_UASP
3629,T_UASST
3630,T_UAS_HOVC_15_MIN
3631,T_UAS_HOVC_1_DAY
3632,T_UAS_MS
3633,T_UAS_MS_15_MIN
3634,T_UAS_MS_1_DAY
3635,T_UAS_ODU_15_MIN
3636,T_UAS_ODU_15_MIN_OUT
3637,T_UAS_ODU_1_DAY
3638,T_UAS_ODU_1_DAY_OUT
3639,T_UAS_OTU_15_MIN
3640,T_UAS_OTU_1_DAY
3641,T_UAS_RS
3642,T_UAS_RST_15_MIN
3643,T_UAS_RST_1_DAY
3644,T_UAS_RS_15_MIN
3645,T_UAS_RS_1_DAY
3646,T_UAS_TCM
3647,T_UAS_TCM_15_MIN
3648,T_UAS_TCM_1_DAY
3649,T_XBFD_15_MIN
3650,T_XBFD_1_DAY
3651,T_XFFDV_15_MIN
3652,T_XFFDV_1_DAY
3653,T_XFFLR_1_DAY
3654,T_XNFDV_15_MIN
3655,T_XNFDV_1_DAY
3656,T_XNFLR_1_DAY
3657,TandemConnectionDegradedSignal
3658,TandemConnectionFailure
3659,TandemConnectionLocked
3660,TandemConnectionThresholdCrossed15m
3661,TandemConnectionThresholdCrossed24h
3662,TemperatureProblem
3663,ThresholdCorrectedErrors
3664,ThresholdCrossingAlarm
3665,TransportFailure
3666,TransportIncomingFailure
3667,TransportIncomingLocked
3668,TransportLocked
3669,TransportLockedEgress
3670,TransportLockedIngress
3671,TransportOutgoingFailure
3672,TransportOutgoingLocked
3673,TuningDegradation
3674,Tuninginprogress
3675,UAT
3676,UAT_HOVC
3677,UAT_LOVC
3678,UAT_MS
3679,UAT_ODU
3680,UAT_OTU
3681,UAT_RS
3682,UAT_TCM
3683,UNAUTH_ACCESS_ATTEMPT
3684,UNEQ_P
3685,UNEQ_V
3686,UNKNOWNMOD
3687,URU_EL
3688,URU_O
3689,URU_OCH_LOS
3690,URU_OMS_RX
3691,URU_OMS_TX
3692,URU_OTS
3693,URU_OTS_LOS
3694,URU_OTS_RX
3695,URU_OTS_TX
3696,URU_OTU
3697,URU_P
3698,URU_S
3699,URU_V
3700,UnderlyingProtectionDegraded
3701,VCGPLC
3702,VCLOM
3703,VCSQM
3704,VLANSNCFailure
3705,VOLTAGE
3706,WKSWPR_RING
3707,WTR_FE
3708,WavekeyIssue
3709,XCMISMATCH
3710,neNotificationFlooding
3711,optIntrusionMonSusp
3712,optPowerOutOfRange
3713,resourceIsolation
3714,simulatorDataBaseMisalignment
